-- phpMyAdmin SQL Dump
-- version 3.1.2deb1ubuntu0.1
-- http://www.phpmyadmin.net
--
-- Servidor: localhost
-- Tiempo de generación: 10-11-2009 a las 12:41:13
-- Versión del servidor: 5.0.75
-- Versión de PHP: 5.2.6-3ubuntu4.1

SET SQL_MODE="NO_AUTO_VALUE_ON_ZERO";

--
-- Base de datos: `Ubiquitour`
--

-- --------------------------------------------------------

--
-- Estructura de tabla para la tabla `cluster`
--

CREATE TABLE IF NOT EXISTS `cluster` (
  `clusterID` int(11) NOT NULL auto_increment,
  `name` varchar(45) NOT NULL,
  `explain` text NOT NULL,
  `top` varchar(7) NOT NULL,
  `left` varchar(7) NOT NULL,
  `pathImagen` text NOT NULL,
  PRIMARY KEY  (`clusterID`)
) ENGINE=MyISAM  DEFAULT CHARSET=latin1 AUTO_INCREMENT=77 ;

--
-- Volcar la base de datos para la tabla `cluster`
--

INSERT INTO `cluster` (`clusterID`, `name`, `explain`, `top`, `left`, `pathImagen`) VALUES
(61, 'Room 61', 'The Tomb-chapel of Nebamun: Ancient Egyptian life and death ', '148px;', '0px;', 'images/museo/61.gif'),
(62, 'Room 61 - 62', 'Egyptian death and afterlife: mummies', '148px;', '50px;', 'images/museo/62-63.gif'),
(64, 'Room 64', 'Early Egypt', '148px;', '180px;', 'images/museo/64.gif'),
(65, 'Room 65', 'Egypt and Nubia', '148px;', '248px;', 'images/museo/65.gif'),
(66, 'Room 66', '', '101px;', '120px;', 'images/museo/66.gif'),
(40, 'Room 40', 'Medieval Europe', '490px;', '172px;', 'images/museo/40.gif'),
(41, 'Room 41', 'Europe: AD 300-1100', '475px;', '235px;', 'images/museo/41.gif'),
(46, 'Room 46', 'Europe 1400-1800', '535px;', '284px;', 'images/museo/46.gif'),
(47, 'Room 47', 'Europe 1800-1900', '534px;', '248px;', 'images/museo/47.gif'),
(48, 'Room 48', 'Europe 1900 to the present', '588px;', '248px;', 'images/museo/48.gif'),
(49, 'Room 49', 'Roman Britain', '371px;', '248px;', 'images/museo/49.gif'),
(50, 'Room 50', 'Britain and Europe 800 BC-AD 43', '323px;', '248px;', 'images/museo/50.gif'),
(51, 'Room 51', 'Europe and Middle East 10,000 - 800 BC', '262px;', '248px;', 'images/museo/51.gif'),
(52, 'Room 52', 'Ancient Iran', '215px;', '248px;', 'images/museo/52.gif'),
(53, 'Room 53', 'Ancient South Arabia', '181px;', '248px;', 'images/museo/53.gif'),
(54, 'Room 54', 'Ancient Turkey', '181px;', '220px;', 'images/museo/54.gif'),
(55, 'Room 55', 'Mesopotamia 1500-539 BC', '181px;', '180px;', 'images/museo/55.gif'),
(56, 'Room 56', 'Mesopotamia 6000 - 1500 BC', '181px;', '104px;', 'images/museo/56.gif'),
(57, 'Room 57-59', 'Ancient Levant', '181px;', '0px;', 'images/museo/57-59.gif'),
(68, 'Room 68', 'Money', '524px;', '35px;', 'images/museo/68.gif'),
(69, 'Room 69', 'Greek and Roman life', '473px;', '0px;', 'images/museo/69.gif'),
(70, 'Room 70', 'Roman Empire', '369px;', '0px;', 'images/museo/70.gif'),
(71, 'Room 71', 'Etruscan world', '321px;', '0px;', 'images/museo/71.gif'),
(72, 'Room 72', 'Ancient Cyprus', '260px;', '0px;', 'images/museo/72.gif'),
(73, 'Room 73', 'Greeks in Italy', '215px;', '0px;', 'images/museo/73.gif');

-- --------------------------------------------------------

--
-- Estructura de tabla para la tabla `divider`
--

CREATE TABLE IF NOT EXISTS `divider` (
  `positionID` int(11) NOT NULL auto_increment,
  `clusterID` int(11) NOT NULL,
  PRIMARY KEY  (`positionID`)
) ENGINE=MyISAM  DEFAULT CHARSET=latin1 AUTO_INCREMENT=122 ;

--
-- Volcar la base de datos para la tabla `divider`
--

INSERT INTO `divider` (`positionID`, `clusterID`) VALUES
(1, 61),
(2, 61),
(3, 61),
(4, 61),
(5, 61),
(6, 61),
(7, 61),
(8, 61),
(9, 61),
(10, 62),
(11, 62),
(12, 62),
(13, 62),
(14, 62),
(15, 62),
(16, 64),
(17, 64),
(18, 64),
(19, 64),
(20, 65),
(21, 65),
(22, 65),
(23, 65),
(24, 38),
(25, 38),
(26, 38),
(27, 38),
(28, 40),
(29, 40),
(30, 40),
(31, 40),
(32, 40),
(33, 40),
(34, 40),
(35, 40),
(36, 41),
(37, 41),
(38, 41),
(39, 41),
(40, 41),
(41, 45),
(42, 45),
(43, 45),
(44, 45),
(45, 46),
(46, 46),
(47, 46),
(48, 46),
(49, 47),
(50, 47),
(51, 47),
(52, 47),
(53, 48),
(54, 48),
(55, 48),
(56, 48),
(57, 49),
(58, 49),
(59, 49),
(60, 49),
(61, 49),
(62, 50),
(63, 50),
(64, 50),
(65, 50),
(66, 51),
(67, 51),
(68, 51),
(69, 51),
(70, 52),
(71, 52),
(72, 52),
(73, 52),
(74, 53),
(75, 53),
(76, 53),
(77, 53),
(78, 54),
(79, 54),
(80, 54),
(81, 54),
(82, 55),
(83, 55),
(84, 55),
(85, 55),
(86, 56),
(87, 56),
(88, 56),
(89, 56),
(90, 57),
(91, 57),
(92, 57),
(93, 57),
(94, 57),
(95, 57),
(96, 57),
(100, 68),
(99, 66),
(98, 66),
(97, 66),
(101, 68),
(102, 68),
(103, 68),
(104, 69),
(105, 69),
(106, 69),
(107, 70),
(108, 70),
(109, 70),
(110, 70),
(111, 71),
(112, 71),
(113, 71),
(114, 71),
(115, 72),
(116, 72),
(117, 72),
(118, 72),
(119, 73),
(120, 73),
(121, 73);

-- --------------------------------------------------------

--
-- Estructura de tabla para la tabla `items`
--

CREATE TABLE IF NOT EXISTS `items` (
  `itemID` int(11) NOT NULL auto_increment,
  `name` varchar(160) NOT NULL,
  `positionID` int(11) NOT NULL,
  `rating` float NOT NULL,
  `path` text NOT NULL,
  PRIMARY KEY  (`itemID`)
) ENGINE=MyISAM  DEFAULT CHARSET=latin1 AUTO_INCREMENT=122 ;

--
-- Volcar la base de datos para la tabla `items`
--

INSERT INTO `items` (`itemID`, `name`, `positionID`, `rating`, `path`) VALUES
(1, 'A feast for nebamun', 1, 1, 'images/Room61/A feast for nebamun.png'),
(2, 'Nebamun hunting in the marshes, fragment of a scene from the tomb-chapel of Nebamun', 2, 5, 'images/Room61/Nebamun hunting in the marshes, fragment of a scene from the tomb-chapel of Nebamun.jpg'),
(3, 'Nebamun hunting in the marshes', 3, 4, 'images/Room61/Nebamun hunting in the marshes.png'),
(4, 'Nebamun''s Garden', 4, 1, 'images/Room61/Nebamun''s Garden.png'),
(5, 'Nebamun viewing his geese and casttle', 5, 1, 'images/Room61/Nebamun viewing his geese and casttle.png'),
(6, 'Offerings for Nebamun', 6, 1, 'images/Room61/Offerings for Nebamun.png'),
(7, 'Servants Binging Offerings', 7, 2, 'images/Room61/Servants Binging Offerings.png'),
(8, 'Statue', 8, 5, 'images/Room61/Statue.png'),
(9, 'Surveying the fields of Nebaum', 9, 5, 'images/Room61/Surveying the fields of Nebaum.png'),
(10, 'Inner coffin of Henutmehyt', 10, 3, 'images/Room62-63/Inner coffin of Henutmehyt.jpg'),
(11, 'Inner coffin of the priest Hornedjitef', 11, 1, 'images/Room62-63/Inner coffin of the priest Hornedjitef.png'),
(12, 'Mummy case and portrait of Artemidorus', 12, 1, 'images/Room62-63/Mummy case and portrait of Artemidorus.png'),
(13, 'Mummy of a cat', 13, 4, 'images/Room62-63/Mummy of a cat.png'),
(14, 'Page from the Book of the Dead of Hunefer', 14, 5, 'images/Room62-63/Page from the Book of the Dead of Hunefer.png'),
(15, 'Wooden statue from the tomb of Ramesses I', 15, 4, 'images/Room62-63/Wooden statue from the tomb of Ramesses I.jpg'),
(16, 'Ivory figure of a woman with incised features', 16, 2, 'images/Room64/Ivory figure of a woman with incised features.jpg'),
(17, 'Ivory label for King Dens sandals', 17, 2, 'images/Room64/Ivory label for King Dens sandals.jpg'),
(18, 'Limestone relief slab from the tomb of Rehotep', 18, 5, 'images/Room64/Limestone relief slab from the tomb of Rehotep.jpg'),
(19, 'The Battlefield Palette', 19, 1, 'images/Room64/The Battlefield Palette.jpg'),
(20, 'Cross of Timotheos', 20, 1, 'images/Room65/Cross of Timotheos.jpg'),
(21, 'Kerma ware pottery beaker', 21, 4, 'images/Room65/Kerma ware pottery beaker.jpg'),
(22, 'Red sandstone relief from the pyramid chapel of Queen Shanakdakhete', 22, 3, 'images/Room65/Red sandstone relief from the pyramid chapel of Queen Shanakdakhete.jpg'),
(23, 'Sphinx of Taharqo', 23, 4, 'images/Room65/Sphinx of Taharqo.jpg'),
(24, 'Carillon clock with automata, by Isaac Habrecht', 24, 0, 'images/Room38-39/Carillon clock with automata, by Isaac Habrecht.jpg'),
(25, 'Carriage clock by Breguet et Fils', 25, 0, 'images/Room38-39/Carriage clock by Breguet et Fils.jpg'),
(26, 'Cassiobury Park turret clock', 26, 0, 'images/Room38-39/Cassiobury Park turret clock.jpg'),
(27, 'Experimental table clock by Thomas Mudge', 27, 0, 'images/Room38-39/Experimental table clock by Thomas Mudge.jpg'),
(28, 'Bishop', 28, 1, 'images/Room40/Bishop.jpg'),
(29, 'Icon of Triumph of Orthodoxy', 29, 4, 'images/Room40/Icon of Triumph of Orthodoxy.jpg'),
(30, 'king', 30, 5, 'images/Room40/king.jpg'),
(31, 'Reliquary of St Eustace', 31, 5, 'images/Room40/Reliquary of St Eustace.jpg'),
(32, 'Shield of Parade', 32, 5, 'images/Room40/Shield of Parade.jpg'),
(33, 'The Lewis Chessmen', 33, 1, 'images/Room40/The Lewis Chessmen.jpg'),
(34, 'The Royal Gold Cup', 34, 3, 'images/Room40/The Royal Gold Cup.jpg'),
(35, 'Warder', 35, 3, 'images/Room40/Warder.jpg'),
(36, 'Helmet from the ship-burial at Sutton Hoo', 36, 1, 'images/Room41/Helmet from the ship-burial at Sutton Hoo.jpg'),
(37, 'Ivory panel showing an archangel', 37, 3, 'images/Room41/Ivory panel showing an archangel.jpg'),
(38, 'Replica - Helmet from the ship-burial at Sutton Hoo', 38, 1, 'images/Room41/Replica - Helmet from the ship-burial at Sutton Hoo.jpg'),
(39, 'The Cuerdale hoard.jpg', 39, 3, 'images/Room41/The Cuerdale hoard.jpg'),
(40, 'The Kells crozier', 40, 4, 'images/Room41/The Kells crozier.jpg'),
(41, 'Rosary bead, carved in boxwood', 41, 0, 'images/Room45/Rosary bead, carved in boxwood.jpg'),
(42, 'Silver-gilt ewer and basin', 42, 0, 'images/Room45/Silver-gilt ewer and basin.jpg'),
(43, 'The Holy Thorn Reliquary of Jean, duc de Berry', 43, 0, 'images/Room45/The Holy Thorn Reliquary of Jean, duc de Berry.jpg'),
(44, 'The Lyte Jewel', 44, 0, 'images/Room45/The Lyte Jewel.jpg'),
(45, 'Cast and chased gold medal of Mary I, by Jacopo da Trezzo', 45, 4, 'images/Room46/Cast and chased gold medal of Mary I, by Jacopo da Trezzo.jpg'),
(46, 'Terracotta portrait bust of Oliver Cromwell by Louis-François Roubiliac', 46, 5, 'images/Room46/Terracotta portrait bust of Oliver Cromwell by Louis-François Roubiliac.jpg'),
(47, 'The Marlborough ice pails', 47, 2, 'images/Room46/The Marlborough ice pails.jpg'),
(48, 'The Medici Valencian vase', 47, 1, 'images/Room46/The Medici Valencian vase.jpg'),
(49, 'Electroplate teapot, designed by Christopher Dresser and made by James Dixon and Sons', 49, 3, 'images/Room47/Electroplate teapot, designed by Christopher Dresser and made by James Dixon and Sons.jpg'),
(50, 'Engraved glass ewer by the Cristalleries de Baccarat', 50, 5, 'images/Room47/Engraved glass ewer by the Cristalleries de Baccarat.jpg'),
(51, 'Micromosaic brooch with the Lamb of God, made by the firm of Castellani', 51, 3, 'images/Room47/Micromosaic brooch with the Lamb of God, made by the firm of Castellani.jpg'),
(52, 'The Pegasus Vase', 52, 5, 'images/Room47/The Pegasus Vase.jpg'),
(53, 'Eliel Saarinen, a tea or coffee urn', 53, 1, 'images/Room48/Eliel Saarinen, a tea or coffee urn.jpg'),
(54, 'Mantelpiece clock, by Charles Rennie Mackintosh', 54, 1, 'images/Room48/Mantelpiece clock, by Charles Rennie Mackintosh.jpg'),
(55, 'Marianne Brandt, a silver tea-infuser', 55, 3, 'images/Room48/Marianne Brandt, a silver tea-infuser.jpg'),
(56, 'Veniamin Pavlovich Belkin, porcelain plate', 56, 5, 'images/Room48/Veniamin Pavlovich Belkin, porcelain plate.jpg'),
(57, 'Gold torc from the Snettisham hoard L', 57, 1, 'images/Room49/Gold torc from the Snettisham hoard L.jpg'),
(58, 'Stone female head', 58, 4, 'images/Room49/Stone female head.jpg'),
(59, 'The Great Dish from the Mildenhall treasure', 59, 4, 'images/Room49/The Great Dish from the Mildenhall treasure.jpg'),
(60, 'The Hinton St Mary Mosaic', 60, 4, 'images/Room49/The Hinton St Mary Mosaic.jpg'),
(61, 'Writing-tablet with a letter inviting Sulpicia Lepidina, the commander s wife, to a birthday party', 61, 1, 'images/Room49/Writing-tablet with a letter inviting Sulpicia Lepidina, the commander s wife, to a birthday party.jpg'),
(62, 'Basse-Yutz flagons', 62, 2, 'images/Room50/Basse-Yutz flagons.jpg'),
(63, 'Gold torc from the Snettisham hoard L', 63, 2, 'images/Room50/Gold torc from the Snettisham hoard L.jpg'),
(64, 'Horned helmet', 64, 4, 'images/Room50/Horned helmet.jpg'),
(65, 'The Battersea Shield', 65, 2, 'images/Room50/The Battersea Shield.jpg'),
(66, 'Ceremonial bronze dirk', 66, 2, 'images/Room51/Ceremonial bronze dirk.jpg'),
(67, 'Painted bowl', 67, 2, 'images/Room51/Painted bowl.jpg'),
(68, 'Red deer antler head-dress', 68, 3, 'images/Room51/Red deer antler head-dress.jpg'),
(69, 'The Folkton drums', 69, 2, 'images/Room51/The Folkton drums.jpg'),
(70, 'Cyrus Cylinder', 70, 3, 'images/Room52/Cyrus Cylinder.jpg'),
(71, 'Gold griffin-headed armlet from the Oxus treasure', 71, 2, 'images/Room52/Gold griffin-headed armlet from the Oxus treasure.jpg'),
(72, 'Silver plate showing Shapur II', 72, 1, 'images/Room52/Silver plate showing Shapur II.jpg'),
(73, 'Stone relief showing a sphinx', 73, 2, 'images/Room52/Stone relief showing a sphinx.jpg'),
(74, 'Bronze altar to Rahmaw', 74, 3, 'images/Room53/Bronze altar to Rahmaw.jpg'),
(75, 'Calcite incense burner showing a camel rider', 75, 3, 'images/Room53/Calcite incense burner showing a camel rider.jpg'),
(76, 'Calcite statue of a standing female figure', 76, 4, 'images/Room53/Calcite statue of a standing female figure.jpg'),
(77, 'Painted limestone incense burner', 77, 3, 'images/Room53/Painted limestone incense burner.jpg'),
(78, 'Clay tablet with a cuneiform letter and its envelope', 78, 2, 'images/Room54/Clay tablet with a cuneiform letter and its envelope.jpg'),
(79, 'Gold figurine of a god.jpg', 79, 1, 'images/Room54/Gold figurine of a god.jpg'),
(80, 'Ivory figure of a griffin-headed demon', 80, 1, 'images/Room54/Ivory figure of a griffin-headed demon.jpg'),
(81, 'Silver bull', 81, 2, 'images/Room54/Silver bull.jpg'),
(82, 'Cuneiform tablet with part of the Babylonian Chronicle (605-594 BC)', 82, 5, 'images/Room55/Cuneiform tablet with part of the Babylonian Chronicle (605-594 BC)'),
(83, 'Map of the World', 83, 4, 'images/Room55/Map of the World.jpg'),
(84, 'The Dying Lion, a stone panel from the North Palace of Ashurbanipal', 84, 1, 'images/Room55/The Dying Lion, a stone panel from the North Palace of Ashurbanipal.jpg'),
(85, 'The Flood Tablet, relating part of the Epic of Gilgamesh', 85, 3, 'images/Room55/The Flood Tablet, relating part of the Epic of Gilgamesh.jpg'),
(86, 'The Queen of the Night Relief', 86, 5, 'images/Room56/The Queen of the Night Relief.jpg'),
(87, 'The Ram in a Thicket', 87, 2, 'images/Room56/The Ram in a Thicket.jpg'),
(88, 'The Royal Game of Ur', 88, 5, 'images/Room56/The Royal Game of Ur.jpg'),
(89, 'The Standard of Ur', 89, 4, 'images/Room56/The Standard of Ur.jpg'),
(90, 'Cassiobury Park turret clock', 90, 4, 'images/Room57-59/Cassiobury Park turret clock.jpg'),
(91, 'Heifa', 91, 1, 'images/Room57-59/Heifa.jpg'),
(92, 'Inlaid ivory panel of a lioness devouring a boy', 92, 3, 'images/Room57-59/Inlaid ivory panel of a lioness devouring a boy.jpg'),
(93, 'Ivory cosmetic box in the shape of a fish', 93, 5, 'images/Room57-59/Ivory cosmetic box in the shape of a fish.jpg'),
(94, 'Lime plaster statues', 94, 5, 'images/Room57-59/Lime plaster statues.jpg'),
(95, 'Noah', 95, 3, 'images/Room57-59/Noah.jpg'),
(96, 'Statue of Idrimi', 96, 1, 'images/Room57-59/Statue of Idrimi.jpg'),
(97, 'Painting of a religious procession, by an unknown artist', 97, 2, 'images/Room66/Painting of a religious procession, by an unknown artist.jpg'),
(98, 'Pottery jug in human form', 98, 5, 'images/Room66/Pottery jug in human form.jpg'),
(99, 'Wall painting of the martyrdom of saints', 99, 5, 'images/Room66/Wall painting of the martyrdom of saints.jpg'),
(100, 'Aes signatum or money ingot', 100, 2, 'images/Room68/Aes signatum or money ingot.jpg'),
(101, 'Gold 5 unites of King Charles I (Juxon Medal), probably from dies engraved by Abraham Vanderdoort', 101, 4, 'images/Room68/Gold 5 unites of King Charles I (Juxon Medal), probably from dies engraved by Abraham Vanderdoort.jpg'),
(102, 'Great Ming Circulating Treasure Note', 102, 1, 'images/Room68/Great Ming Circulating Treasure Note.jpg'),
(103, 'Raffia cloth currency', 103, 3, 'images/Room68/Raffia cloth currency.jpg'),
(104, 'Bronze gladiators helmet', 104, 5, 'images/Room69/Bronze gladiators helmet.jpg'),
(105, 'Marble relief of Jason the physician and patient', 105, 5, 'images/Room69/Marble relief of Jason the physician and patient.jpg'),
(106, 'White-ground jug, attributed to the Brygos Painter', 106, 5, 'images/Room69/White-ground jug, attributed to the Brygos Painter.jpg'),
(107, 'Bronze head of Augustus', 107, 1, 'images/Room70/Bronze head of Augustus.jpg'),
(108, 'Cameo portrait of Augustus', 108, 4, 'images/Room70/Cameo portrait of Augustus.jpg'),
(109, 'The Portland Vase', 109, 1, 'images/Room70/The Portland Vase.jpg'),
(110, 'The Warren Cup', 110, 1, 'images/Room70/The Warren Cup.jpg'),
(111, 'Bronze mirror showing Herekele and Mlacuch', 111, 4, 'images/Room71/Bronze mirror showing Herekele and Mlacuch.jpg'),
(112, 'Cameo portrait of Augustus', 112, 2, 'images/Room71/Cameo portrait of Augustus.jpg'),
(113, 'Painted plaques', 113, 2, 'images/Room71/Painted plaques.jpg'),
(114, 'Stand and bowl with griffins heads', 114, 3, 'images/Room71/Stand and bowl with griffins heads.jpg'),
(115, 'Bronze wheeled vessel stand', 115, 3, 'images/Room72/Bronze wheeled vessel stand.jpg'),
(116, 'Copper ingot in the shape of an oxhide', 116, 2, 'images/Room72/Copper ingot in the shape of an oxhide.jpg'),
(117, 'Gold-plated bronze pin', 117, 3, 'images/Room72/Gold-plated bronze pin.jpg'),
(118, 'Limestone statue of a bearded worshipper', 118, 5, 'images/Room72/Limestone statue of a bearded worshipper.jpg'),
(119, 'Bronze horse and rider', 119, 4, 'images/Room73/Bronze horse and rider.jpg'),
(120, 'Copper ingot in the shape of an oxhide', 120, 1, 'images/Room73/Copper ingot in the shape of an oxhide.jpg'),
(121, 'Red-figured wine bowl (volute-krater), attributed to the Baltimore Painter', 121, 3, 'images/Room73/Red-figured wine bowl (volute-krater), attributed to the Baltimore Painter.jpg');

-- --------------------------------------------------------

--
-- Estructura de tabla para la tabla `pearson`
--

CREATE TABLE IF NOT EXISTS `pearson` (
  `PearsonID` int(11) NOT NULL auto_increment,
  `UserID` int(11) NOT NULL,
  `Spearman` float NOT NULL,
  `Time` timestamp NOT NULL default CURRENT_TIMESTAMP,
  PRIMARY KEY  (`PearsonID`)
) ENGINE=MyISAM DEFAULT CHARSET=latin1 AUTO_INCREMENT=1 ;

--
-- Volcar la base de datos para la tabla `pearson`
--


-- --------------------------------------------------------

--
-- Estructura de tabla para la tabla `users`
--

CREATE TABLE IF NOT EXISTS `users` (
  `userID` int(11) NOT NULL auto_increment,
  `name` varchar(45) NOT NULL,
  `activiti` tinyint(1) NOT NULL,
  `positionID` int(11) NOT NULL,
  `password` varchar(60) NOT NULL,
  PRIMARY KEY  (`userID`)
) ENGINE=MyISAM  DEFAULT CHARSET=latin1 AUTO_INCREMENT=51 ;

--
-- Volcar la base de datos para la tabla `users`
--

INSERT INTO `users` (`userID`, `name`, `activiti`, `positionID`, `password`) VALUES
(1, 'Test X 1', 0, 1, 'c4ca4238a0b923820dcc509a6f75849b'),
(2, 'Test X 2', 0, 1, 'c4ca4238a0b923820dcc509a6f75849b'),
(3, 'Test X 3', 0, 1, 'c4ca4238a0b923820dcc509a6f75849b'),
(4, 'Test X 4', 0, 1, 'c4ca4238a0b923820dcc509a6f75849b'),
(5, 'Test X 5', 0, 1, 'c4ca4238a0b923820dcc509a6f75849b'),
(6, 'Test X 6', 0, 1, 'c4ca4238a0b923820dcc509a6f75849b'),
(7, 'Test X 7', 0, 1, 'c4ca4238a0b923820dcc509a6f75849b'),
(8, 'Test X 8', 0, 1, 'c4ca4238a0b923820dcc509a6f75849b'),
(9, 'Test X 9', 0, 1, 'c4ca4238a0b923820dcc509a6f75849b'),
(10, 'Test X 10', 0, 1, 'c4ca4238a0b923820dcc509a6f75849b'),
(11, 'Test X 11', 0, 1, 'c4ca4238a0b923820dcc509a6f75849b'),
(12, 'Test X 12', 0, 1, 'c4ca4238a0b923820dcc509a6f75849b'),
(13, 'Test X 13', 0, 1, 'c4ca4238a0b923820dcc509a6f75849b'),
(14, 'Test X 14', 0, 1, 'c4ca4238a0b923820dcc509a6f75849b'),
(15, 'Test X 15', 0, 1, 'c4ca4238a0b923820dcc509a6f75849b'),
(16, 'Test X 16', 0, 1, 'c4ca4238a0b923820dcc509a6f75849b'),
(17, 'Test X 17', 0, 1, 'c4ca4238a0b923820dcc509a6f75849b'),
(18, 'Test X 18', 0, 1, 'c4ca4238a0b923820dcc509a6f75849b'),
(19, 'Test X 19', 0, 1, 'c4ca4238a0b923820dcc509a6f75849b'),
(20, 'Test X 20', 0, 1, 'c4ca4238a0b923820dcc509a6f75849b'),
(21, 'Test X 21', 0, 1, 'c4ca4238a0b923820dcc509a6f75849b'),
(22, 'Test X 22', 0, 1, 'c4ca4238a0b923820dcc509a6f75849b'),
(23, 'Test X 23', 0, 1, 'c4ca4238a0b923820dcc509a6f75849b'),
(24, 'Test X 24', 0, 1, 'c4ca4238a0b923820dcc509a6f75849b'),
(25, 'Test X 25', 0, 1, 'c4ca4238a0b923820dcc509a6f75849b'),
(26, 'Test X 26', 0, 1, 'c4ca4238a0b923820dcc509a6f75849b'),
(27, 'Test X 27', 0, 1, 'c4ca4238a0b923820dcc509a6f75849b'),
(28, 'Test X 28', 0, 1, 'c4ca4238a0b923820dcc509a6f75849b'),
(29, 'Test X 29', 0, 1, 'c4ca4238a0b923820dcc509a6f75849b'),
(30, 'Test X 30', 0, 1, 'c4ca4238a0b923820dcc509a6f75849b'),
(31, 'Test X 31', 0, 1, 'c4ca4238a0b923820dcc509a6f75849b'),
(32, 'Test X 32', 0, 1, 'c4ca4238a0b923820dcc509a6f75849b'),
(33, 'Test X 33', 0, 1, 'c4ca4238a0b923820dcc509a6f75849b'),
(34, 'Test X 34', 0, 1, 'c4ca4238a0b923820dcc509a6f75849b'),
(35, 'Test X 35', 0, 1, 'c4ca4238a0b923820dcc509a6f75849b'),
(36, 'Test X 36', 0, 1, 'c4ca4238a0b923820dcc509a6f75849b'),
(37, 'Test X 37', 0, 1, 'c4ca4238a0b923820dcc509a6f75849b'),
(38, 'Test X 38', 0, 1, 'c4ca4238a0b923820dcc509a6f75849b'),
(39, 'Test X 39', 0, 1, 'c4ca4238a0b923820dcc509a6f75849b'),
(40, 'Test X 40', 0, 1, 'c4ca4238a0b923820dcc509a6f75849b'),
(41, 'Test X 41', 0, 1, 'c4ca4238a0b923820dcc509a6f75849b'),
(42, 'Test X 42', 0, 1, 'c4ca4238a0b923820dcc509a6f75849b'),
(43, 'Test X 43', 0, 1, 'c4ca4238a0b923820dcc509a6f75849b'),
(44, 'Test X 44', 0, 1, 'c4ca4238a0b923820dcc509a6f75849b'),
(45, 'Test X 45', 0, 1, 'c4ca4238a0b923820dcc509a6f75849b'),
(46, 'Test X 46', 0, 1, 'c4ca4238a0b923820dcc509a6f75849b'),
(47, 'Test X 47', 0, 1, 'c4ca4238a0b923820dcc509a6f75849b'),
(48, 'Test X 48', 0, 1, 'c4ca4238a0b923820dcc509a6f75849b'),
(49, 'Test X 49', 0, 1, 'c4ca4238a0b923820dcc509a6f75849b'),
(50, 'Test X 50', 0, 1, 'c4ca4238a0b923820dcc509a6f75849b');

-- --------------------------------------------------------

--
-- Estructura de tabla para la tabla `user_preferences`
--

CREATE TABLE IF NOT EXISTS `user_preferences` (
  `userID` int(11) NOT NULL,
  `itemID` int(11) NOT NULL,
  `preference` int(11) NOT NULL,
  PRIMARY KEY  (`userID`,`itemID`)
) ENGINE=MyISAM DEFAULT CHARSET=latin1;

--
-- Volcar la base de datos para la tabla `user_preferences`
--

INSERT INTO `user_preferences` (`userID`, `itemID`, `preference`) VALUES
(1, 1, 4),
(1, 2, 3),
(1, 3, 4),
(1, 4, 2),
(1, 5, 4),
(1, 6, 3),
(1, 7, 2),
(1, 10, 5),
(1, 13, 1),
(1, 15, 2),
(1, 17, 5),
(1, 20, 3),
(1, 21, 1),
(1, 23, 5),
(1, 24, 5),
(1, 25, 5),
(1, 27, 3),
(1, 28, 2),
(1, 31, 4),
(1, 34, 1),
(1, 38, 4),
(1, 39, 4),
(1, 41, 4),
(1, 42, 1),
(1, 48, 3),
(1, 49, 3),
(1, 50, 2),
(1, 52, 4),
(1, 53, 1),
(1, 54, 4),
(1, 56, 4),
(1, 57, 1),
(1, 59, 5),
(1, 66, 3),
(1, 68, 1),
(1, 69, 4),
(1, 74, 4),
(1, 75, 2),
(1, 77, 3),
(1, 78, 2),
(1, 79, 3),
(1, 80, 3),
(1, 81, 4),
(1, 82, 3),
(1, 84, 5),
(1, 85, 4),
(1, 86, 2),
(1, 87, 2),
(1, 88, 2),
(1, 90, 3),
(1, 92, 3),
(1, 93, 4),
(1, 95, 3),
(1, 96, 5),
(1, 98, 4),
(1, 99, 3),
(1, 102, 3),
(1, 105, 2),
(1, 108, 5),
(1, 110, 4),
(1, 111, 2),
(1, 112, 2),
(1, 114, 1),
(1, 118, 4),
(1, 119, 1),
(1, 120, 5),
(1, 121, 4),
(2, 4, 3),
(2, 5, 4),
(2, 7, 4),
(2, 10, 3),
(2, 11, 4),
(2, 12, 5),
(2, 16, 1),
(2, 19, 1),
(2, 20, 1),
(2, 21, 1),
(2, 22, 4),
(2, 28, 5),
(2, 29, 3),
(2, 33, 3),
(2, 34, 1),
(2, 36, 4),
(2, 38, 5),
(2, 41, 2),
(2, 42, 4),
(2, 48, 1),
(2, 49, 2),
(2, 50, 3),
(2, 51, 3),
(2, 53, 2),
(2, 56, 1),
(2, 57, 3),
(2, 59, 4),
(2, 60, 4),
(2, 62, 2),
(2, 63, 4),
(2, 67, 1),
(2, 68, 5),
(2, 70, 1),
(2, 71, 4),
(2, 72, 5),
(2, 73, 1),
(2, 74, 3),
(2, 75, 4),
(2, 77, 4),
(2, 80, 4),
(2, 82, 1),
(2, 83, 1),
(2, 85, 5),
(2, 95, 3),
(2, 96, 5),
(2, 100, 3),
(2, 101, 3),
(2, 102, 1),
(2, 104, 2),
(2, 105, 4),
(2, 111, 4),
(2, 115, 2),
(2, 116, 2),
(2, 117, 1),
(2, 118, 3),
(3, 1, 1),
(3, 3, 3),
(3, 4, 2),
(3, 7, 4),
(3, 8, 5),
(3, 20, 1),
(3, 23, 3),
(3, 24, 1),
(3, 25, 4),
(3, 27, 2),
(3, 29, 4),
(3, 30, 2),
(3, 33, 2),
(3, 34, 4),
(3, 35, 5),
(3, 39, 4),
(3, 41, 3),
(3, 42, 4),
(3, 43, 1),
(3, 45, 2),
(3, 47, 3),
(3, 49, 3),
(3, 52, 5),
(3, 53, 4),
(3, 54, 5),
(3, 55, 5),
(3, 56, 1),
(3, 58, 2),
(3, 59, 3),
(3, 61, 3),
(3, 63, 4),
(3, 68, 3),
(3, 69, 4),
(3, 70, 1),
(3, 74, 5),
(3, 77, 4),
(3, 78, 2),
(3, 82, 5),
(3, 84, 5),
(3, 86, 5),
(3, 87, 4),
(3, 90, 4),
(3, 94, 5),
(3, 95, 2),
(3, 99, 2),
(3, 100, 3),
(3, 106, 4),
(3, 107, 3),
(3, 108, 5),
(3, 109, 1),
(3, 111, 3),
(3, 113, 1),
(3, 114, 1),
(3, 115, 2),
(3, 116, 4),
(3, 117, 2),
(3, 118, 1),
(3, 120, 5),
(4, 2, 1),
(4, 4, 3),
(4, 5, 3),
(4, 7, 2),
(4, 8, 1),
(4, 9, 4),
(4, 10, 3),
(4, 11, 4),
(4, 12, 1),
(4, 13, 4),
(4, 14, 2),
(4, 16, 3),
(4, 19, 1),
(4, 20, 2),
(4, 26, 1),
(4, 31, 1),
(4, 32, 2),
(4, 34, 1),
(4, 39, 5),
(4, 42, 3),
(4, 46, 2),
(4, 51, 4),
(4, 52, 2),
(4, 54, 4),
(4, 55, 1),
(4, 56, 1),
(4, 59, 3),
(4, 60, 3),
(4, 61, 3),
(4, 62, 2),
(4, 64, 5),
(4, 66, 1),
(4, 67, 5),
(4, 68, 2),
(4, 69, 5),
(4, 72, 4),
(4, 73, 1),
(4, 78, 2),
(4, 80, 5),
(4, 81, 4),
(4, 82, 1),
(4, 85, 5),
(4, 90, 4),
(4, 96, 4),
(4, 97, 2),
(4, 100, 2),
(4, 101, 1),
(4, 102, 5),
(4, 103, 2),
(4, 104, 2),
(4, 105, 1),
(4, 106, 3),
(4, 107, 2),
(4, 114, 3),
(4, 116, 2),
(4, 117, 3),
(4, 118, 5),
(4, 119, 2),
(4, 121, 1),
(5, 4, 1),
(5, 5, 5),
(5, 8, 4),
(5, 11, 5),
(5, 12, 3),
(5, 13, 4),
(5, 16, 2),
(5, 19, 4),
(5, 21, 1),
(5, 22, 5),
(5, 25, 3),
(5, 27, 2),
(5, 28, 4),
(5, 29, 4),
(5, 33, 3),
(5, 34, 1),
(5, 36, 4),
(5, 40, 4),
(5, 41, 2),
(5, 43, 4),
(5, 44, 4),
(5, 45, 2),
(5, 46, 1),
(5, 53, 3),
(5, 54, 5),
(5, 55, 5),
(5, 56, 3),
(5, 57, 4),
(5, 58, 4),
(5, 61, 5),
(5, 62, 5),
(5, 63, 1),
(5, 70, 4),
(5, 71, 1),
(5, 72, 1),
(5, 73, 5),
(5, 74, 5),
(5, 75, 3),
(5, 78, 2),
(5, 81, 3),
(5, 82, 3),
(5, 85, 1),
(5, 90, 4),
(5, 91, 1),
(5, 92, 2),
(5, 95, 1),
(5, 96, 3),
(5, 99, 2),
(5, 100, 4),
(5, 101, 5),
(5, 102, 2),
(5, 103, 4),
(5, 106, 5),
(5, 107, 1),
(5, 108, 4),
(5, 111, 3),
(5, 112, 1),
(5, 114, 3),
(5, 116, 3),
(5, 117, 3),
(6, 7, 3),
(6, 9, 1),
(6, 10, 1),
(6, 18, 1),
(6, 21, 3),
(6, 24, 2),
(6, 25, 3),
(6, 26, 4),
(6, 28, 5),
(6, 31, 4),
(6, 35, 5),
(6, 37, 3),
(6, 39, 2),
(6, 40, 1),
(6, 41, 1),
(6, 48, 2),
(6, 50, 3),
(6, 51, 1),
(6, 53, 2),
(6, 58, 3),
(6, 60, 5),
(6, 61, 1),
(6, 62, 2),
(6, 63, 3),
(6, 66, 5),
(6, 69, 2),
(6, 72, 4),
(6, 76, 4),
(6, 82, 1),
(6, 84, 4),
(6, 85, 4),
(6, 87, 2),
(6, 88, 2),
(6, 89, 3),
(6, 90, 5),
(6, 95, 4),
(6, 96, 1),
(6, 101, 1),
(6, 103, 3),
(6, 104, 5),
(6, 105, 2),
(6, 106, 4),
(6, 107, 3),
(6, 108, 2),
(6, 109, 5),
(6, 111, 5),
(6, 115, 2),
(6, 116, 3),
(6, 118, 2),
(6, 120, 5),
(6, 121, 3),
(7, 1, 4),
(7, 3, 5),
(7, 4, 2),
(7, 5, 4),
(7, 7, 2),
(7, 8, 5),
(7, 10, 1),
(7, 16, 2),
(7, 23, 1),
(7, 25, 4),
(7, 27, 4),
(7, 28, 3),
(7, 31, 5),
(7, 33, 4),
(7, 34, 2),
(7, 35, 4),
(7, 36, 4),
(7, 39, 4),
(7, 41, 1),
(7, 42, 4),
(7, 46, 3),
(7, 47, 5),
(7, 49, 4),
(7, 50, 1),
(7, 54, 3),
(7, 57, 2),
(7, 60, 1),
(7, 65, 3),
(7, 66, 1),
(7, 68, 2),
(7, 70, 2),
(7, 71, 3),
(7, 72, 2),
(7, 76, 2),
(7, 79, 2),
(7, 81, 5),
(7, 82, 5),
(7, 85, 1),
(7, 86, 2),
(7, 87, 2),
(7, 88, 2),
(7, 91, 5),
(7, 92, 1),
(7, 93, 5),
(7, 95, 4),
(7, 96, 1),
(7, 97, 4),
(7, 99, 3),
(7, 103, 5),
(7, 104, 1),
(7, 105, 2),
(7, 107, 3),
(7, 109, 2),
(7, 110, 2),
(7, 111, 4),
(7, 112, 1),
(7, 113, 3),
(7, 114, 4),
(7, 119, 5),
(7, 121, 2),
(8, 1, 1),
(8, 2, 5),
(8, 5, 1),
(8, 8, 4),
(8, 10, 4),
(8, 11, 5),
(8, 12, 1),
(8, 14, 5),
(8, 18, 4),
(8, 19, 1),
(8, 20, 4),
(8, 22, 2),
(8, 26, 2),
(8, 27, 1),
(8, 29, 4),
(8, 31, 4),
(8, 33, 4),
(8, 44, 4),
(8, 45, 2),
(8, 52, 3),
(8, 53, 2),
(8, 55, 3),
(8, 58, 1),
(8, 59, 4),
(8, 60, 3),
(8, 61, 2),
(8, 63, 3),
(8, 64, 4),
(8, 66, 5),
(8, 70, 3),
(8, 71, 2),
(8, 74, 5),
(8, 75, 4),
(8, 76, 4),
(8, 77, 4),
(8, 78, 3),
(8, 79, 3),
(8, 80, 3),
(8, 81, 2),
(8, 82, 3),
(8, 83, 5),
(8, 88, 5),
(8, 90, 2),
(8, 91, 5),
(8, 92, 3),
(8, 95, 2),
(8, 96, 3),
(8, 98, 2),
(8, 99, 2),
(8, 100, 4),
(8, 103, 4),
(8, 104, 1),
(8, 105, 3),
(8, 106, 3),
(8, 108, 2),
(8, 109, 5),
(8, 112, 5),
(8, 113, 3),
(8, 115, 2),
(8, 117, 3),
(8, 118, 2),
(8, 119, 4),
(8, 121, 3),
(9, 4, 1),
(9, 5, 1),
(9, 6, 2),
(9, 7, 4),
(9, 8, 4),
(9, 11, 2),
(9, 13, 1),
(9, 14, 5),
(9, 16, 4),
(9, 17, 4),
(9, 19, 5),
(9, 23, 3),
(9, 24, 1),
(9, 26, 4),
(9, 27, 2),
(9, 29, 1),
(9, 30, 5),
(9, 31, 4),
(9, 32, 1),
(9, 34, 1),
(9, 35, 4),
(9, 36, 3),
(9, 37, 2),
(9, 40, 2),
(9, 43, 5),
(9, 46, 1),
(9, 52, 5),
(9, 56, 3),
(9, 58, 5),
(9, 60, 4),
(9, 65, 3),
(9, 68, 4),
(9, 69, 4),
(9, 70, 2),
(9, 71, 2),
(9, 74, 1),
(9, 76, 1),
(9, 77, 5),
(9, 78, 3),
(9, 85, 5),
(9, 87, 4),
(9, 89, 1),
(9, 91, 5),
(9, 92, 2),
(9, 93, 1),
(9, 96, 1),
(9, 97, 5),
(9, 98, 2),
(9, 100, 1),
(9, 102, 2),
(9, 105, 5),
(9, 107, 2),
(9, 108, 2),
(9, 109, 3),
(9, 112, 4),
(9, 113, 3),
(9, 114, 2),
(9, 115, 1),
(10, 3, 4),
(10, 4, 5),
(10, 5, 3),
(10, 6, 1),
(10, 7, 3),
(10, 8, 5),
(10, 9, 3),
(10, 10, 2),
(10, 14, 5),
(10, 15, 5),
(10, 17, 3),
(10, 18, 2),
(10, 19, 4),
(10, 23, 1),
(10, 24, 2),
(10, 25, 5),
(10, 26, 4),
(10, 28, 1),
(10, 29, 4),
(10, 32, 2),
(10, 34, 4),
(10, 35, 5),
(10, 37, 2),
(10, 38, 2),
(10, 43, 5),
(10, 45, 3),
(10, 46, 5),
(10, 47, 2),
(10, 50, 5),
(10, 57, 1),
(10, 63, 4),
(10, 64, 4),
(10, 66, 1),
(10, 68, 2),
(10, 70, 5),
(10, 72, 2),
(10, 79, 4),
(10, 80, 3),
(10, 82, 5),
(10, 84, 3),
(10, 85, 1),
(10, 87, 3),
(10, 89, 2),
(10, 90, 1),
(10, 91, 4),
(10, 92, 3),
(10, 93, 5),
(10, 94, 2),
(10, 96, 4),
(10, 98, 5),
(10, 100, 1),
(10, 101, 1),
(10, 104, 2),
(10, 105, 2),
(10, 107, 5),
(10, 108, 5),
(10, 109, 5),
(10, 112, 2),
(10, 115, 1),
(10, 117, 1),
(10, 118, 2),
(10, 119, 2),
(11, 1, 1),
(11, 4, 4),
(11, 5, 1),
(11, 8, 2),
(11, 10, 2),
(11, 14, 3),
(11, 19, 5),
(11, 21, 4),
(11, 22, 3),
(11, 23, 3),
(11, 24, 5),
(11, 25, 3),
(11, 26, 2),
(11, 30, 2),
(11, 31, 2),
(11, 33, 4),
(11, 35, 5),
(11, 36, 3),
(11, 37, 5),
(11, 38, 3),
(11, 39, 3),
(11, 41, 2),
(11, 42, 5),
(11, 43, 4),
(11, 44, 2),
(11, 45, 5),
(11, 46, 5),
(11, 47, 1),
(11, 48, 5),
(11, 50, 5),
(11, 51, 3),
(11, 53, 4),
(11, 55, 3),
(11, 58, 4),
(11, 63, 1),
(11, 64, 1),
(11, 65, 4),
(11, 69, 1),
(11, 70, 5),
(11, 76, 2),
(11, 78, 4),
(11, 81, 5),
(11, 83, 3),
(11, 85, 3),
(11, 86, 1),
(11, 88, 2),
(11, 89, 4),
(11, 91, 5),
(11, 92, 2),
(11, 93, 5),
(11, 95, 2),
(11, 96, 5),
(11, 100, 3),
(11, 103, 2),
(11, 104, 1),
(11, 105, 3),
(11, 107, 4),
(11, 108, 4),
(11, 112, 1),
(11, 115, 3),
(11, 116, 1),
(11, 117, 2),
(12, 1, 4),
(12, 2, 2),
(12, 3, 1),
(12, 4, 1),
(12, 5, 3),
(12, 7, 5),
(12, 8, 5),
(12, 9, 4),
(12, 13, 3),
(12, 15, 3),
(12, 20, 1),
(12, 21, 2),
(12, 22, 1),
(12, 23, 2),
(12, 27, 4),
(12, 29, 4),
(12, 30, 1),
(12, 31, 1),
(12, 33, 4),
(12, 35, 2),
(12, 36, 4),
(12, 37, 1),
(12, 39, 5),
(12, 42, 4),
(12, 45, 1),
(12, 46, 5),
(12, 48, 2),
(12, 49, 4),
(12, 51, 1),
(12, 52, 3),
(12, 53, 3),
(12, 55, 1),
(12, 56, 1),
(12, 58, 5),
(12, 59, 3),
(12, 62, 5),
(12, 66, 2),
(12, 69, 2),
(12, 70, 3),
(12, 71, 3),
(12, 76, 2),
(12, 78, 5),
(12, 80, 4),
(12, 82, 1),
(12, 83, 2),
(12, 84, 1),
(12, 87, 1),
(12, 88, 3),
(12, 89, 1),
(12, 92, 4),
(12, 93, 3),
(12, 96, 2),
(12, 97, 3),
(12, 100, 4),
(12, 101, 3),
(12, 102, 4),
(12, 105, 3),
(12, 106, 4),
(12, 108, 4),
(12, 109, 3),
(12, 110, 2),
(12, 112, 3),
(12, 115, 2),
(12, 116, 2),
(12, 117, 1),
(12, 121, 4),
(13, 1, 2),
(13, 5, 5),
(13, 8, 2),
(13, 10, 1),
(13, 12, 5),
(13, 14, 1),
(13, 16, 3),
(13, 17, 1),
(13, 19, 3),
(13, 21, 1),
(13, 23, 3),
(13, 24, 4),
(13, 28, 5),
(13, 29, 5),
(13, 30, 3),
(13, 31, 2),
(13, 37, 1),
(13, 41, 1),
(13, 43, 3),
(13, 45, 5),
(13, 46, 3),
(13, 48, 5),
(13, 57, 3),
(13, 58, 3),
(13, 59, 2),
(13, 60, 1),
(13, 61, 1),
(13, 65, 5),
(13, 67, 3),
(13, 68, 2),
(13, 70, 1),
(13, 73, 3),
(13, 74, 2),
(13, 75, 1),
(13, 76, 2),
(13, 78, 1),
(13, 81, 2),
(13, 82, 3),
(13, 83, 2),
(13, 85, 4),
(13, 88, 5),
(13, 90, 2),
(13, 91, 4),
(13, 92, 1),
(13, 93, 3),
(13, 95, 4),
(13, 96, 1),
(13, 98, 3),
(13, 102, 3),
(13, 104, 3),
(13, 106, 1),
(13, 107, 3),
(13, 110, 5),
(13, 115, 4),
(13, 116, 4),
(13, 119, 3),
(13, 120, 4),
(13, 121, 1),
(14, 2, 3),
(14, 4, 5),
(14, 5, 2),
(14, 6, 1),
(14, 7, 3),
(14, 10, 3),
(14, 12, 1),
(14, 14, 1),
(14, 15, 3),
(14, 16, 5),
(14, 17, 2),
(14, 19, 5),
(14, 23, 2),
(14, 26, 2),
(14, 27, 2),
(14, 28, 5),
(14, 33, 1),
(14, 35, 3),
(14, 36, 4),
(14, 37, 2),
(14, 38, 5),
(14, 42, 5),
(14, 43, 1),
(14, 44, 5),
(14, 45, 1),
(14, 48, 5),
(14, 49, 4),
(14, 50, 5),
(14, 52, 5),
(14, 53, 5),
(14, 54, 4),
(14, 55, 1),
(14, 56, 1),
(14, 57, 5),
(14, 58, 2),
(14, 60, 1),
(14, 64, 2),
(14, 67, 4),
(14, 70, 3),
(14, 71, 1),
(14, 72, 1),
(14, 73, 3),
(14, 74, 4),
(14, 75, 1),
(14, 76, 3),
(14, 77, 2),
(14, 79, 5),
(14, 80, 2),
(14, 82, 2),
(14, 86, 1),
(14, 89, 3),
(14, 92, 5),
(14, 98, 4),
(14, 102, 4),
(14, 108, 3),
(14, 110, 4),
(14, 114, 2),
(14, 115, 2),
(14, 116, 5),
(14, 118, 1),
(14, 120, 2),
(14, 121, 1),
(15, 1, 2),
(15, 3, 3),
(15, 6, 4),
(15, 11, 1),
(15, 12, 5),
(15, 13, 2),
(15, 14, 2),
(15, 15, 5),
(15, 16, 4),
(15, 21, 1),
(15, 22, 5),
(15, 23, 1),
(15, 25, 3),
(15, 26, 4),
(15, 29, 5),
(15, 31, 1),
(15, 32, 1),
(15, 33, 1),
(15, 36, 5),
(15, 37, 2),
(15, 40, 2),
(15, 47, 5),
(15, 49, 3),
(15, 50, 1),
(15, 52, 3),
(15, 53, 1),
(15, 55, 1),
(15, 56, 3),
(15, 57, 3),
(15, 58, 4),
(15, 62, 3),
(15, 64, 3),
(15, 66, 2),
(15, 67, 5),
(15, 70, 4),
(15, 72, 2),
(15, 73, 4),
(15, 74, 4),
(15, 76, 3),
(15, 81, 4),
(15, 83, 2),
(15, 86, 4),
(15, 87, 1),
(15, 89, 5),
(15, 90, 3),
(15, 91, 5),
(15, 92, 1),
(15, 94, 3),
(15, 95, 5),
(15, 99, 3),
(15, 102, 3),
(15, 103, 1),
(15, 112, 5),
(15, 113, 4),
(15, 116, 1),
(15, 117, 3),
(15, 118, 5),
(15, 119, 4),
(16, 3, 5),
(16, 6, 2),
(16, 7, 1),
(16, 9, 2),
(16, 14, 2),
(16, 15, 4),
(16, 18, 3),
(16, 21, 2),
(16, 23, 3),
(16, 24, 1),
(16, 25, 3),
(16, 26, 4),
(16, 28, 4),
(16, 31, 5),
(16, 33, 5),
(16, 34, 4),
(16, 35, 2),
(16, 36, 5),
(16, 37, 2),
(16, 38, 4),
(16, 42, 4),
(16, 43, 2),
(16, 46, 2),
(16, 47, 5),
(16, 48, 1),
(16, 49, 3),
(16, 50, 5),
(16, 51, 3),
(16, 60, 3),
(16, 62, 2),
(16, 63, 5),
(16, 65, 3),
(16, 67, 2),
(16, 68, 1),
(16, 69, 2),
(16, 70, 4),
(16, 73, 3),
(16, 78, 5),
(16, 82, 3),
(16, 83, 2),
(16, 85, 3),
(16, 88, 5),
(16, 90, 4),
(16, 92, 5),
(16, 93, 3),
(16, 95, 1),
(16, 99, 2),
(16, 105, 4),
(16, 107, 1),
(16, 108, 3),
(16, 109, 3),
(16, 111, 4),
(16, 112, 1),
(16, 114, 1),
(16, 116, 4),
(16, 119, 5),
(16, 120, 1),
(16, 121, 3),
(17, 1, 1),
(17, 2, 2),
(17, 5, 1),
(17, 7, 3),
(17, 8, 5),
(17, 9, 4),
(17, 11, 4),
(17, 13, 3),
(17, 14, 5),
(17, 16, 4),
(17, 17, 1),
(17, 19, 1),
(17, 23, 2),
(17, 26, 3),
(17, 27, 1),
(17, 28, 4),
(17, 30, 2),
(17, 33, 4),
(17, 35, 2),
(17, 36, 4),
(17, 37, 4),
(17, 39, 2),
(17, 41, 5),
(17, 44, 5),
(17, 45, 3),
(17, 50, 2),
(17, 52, 2),
(17, 54, 2),
(17, 57, 1),
(17, 58, 1),
(17, 59, 3),
(17, 63, 2),
(17, 64, 4),
(17, 65, 5),
(17, 67, 3),
(17, 68, 4),
(17, 75, 3),
(17, 76, 3),
(17, 77, 3),
(17, 79, 1),
(17, 80, 5),
(17, 81, 5),
(17, 86, 2),
(17, 91, 3),
(17, 92, 5),
(17, 94, 5),
(17, 95, 3),
(17, 98, 5),
(17, 105, 1),
(17, 107, 4),
(17, 108, 5),
(17, 109, 2),
(17, 111, 5),
(17, 113, 5),
(17, 114, 5),
(17, 115, 5),
(17, 117, 5),
(17, 120, 3),
(17, 121, 4),
(18, 1, 1),
(18, 2, 4),
(18, 3, 5),
(18, 4, 1),
(18, 5, 3),
(18, 6, 3),
(18, 7, 1),
(18, 11, 3),
(18, 15, 2),
(18, 18, 4),
(18, 19, 1),
(18, 20, 3),
(18, 21, 1),
(18, 26, 3),
(18, 27, 1),
(18, 35, 4),
(18, 41, 4),
(18, 42, 1),
(18, 43, 5),
(18, 44, 4),
(18, 46, 4),
(18, 51, 2),
(18, 52, 1),
(18, 53, 2),
(18, 54, 4),
(18, 55, 4),
(18, 56, 2),
(18, 57, 2),
(18, 60, 5),
(18, 61, 5),
(18, 65, 5),
(18, 66, 2),
(18, 67, 2),
(18, 68, 4),
(18, 73, 2),
(18, 74, 2),
(18, 75, 4),
(18, 76, 1),
(18, 77, 1),
(18, 79, 3),
(18, 81, 1),
(18, 82, 1),
(18, 85, 3),
(18, 86, 3),
(18, 87, 4),
(18, 92, 5),
(18, 93, 4),
(18, 95, 3),
(18, 96, 1),
(18, 97, 4),
(18, 98, 2),
(18, 100, 1),
(18, 101, 5),
(18, 105, 4),
(18, 107, 2),
(18, 109, 5),
(18, 111, 1),
(18, 114, 2),
(18, 115, 1),
(18, 116, 5),
(18, 118, 5),
(18, 121, 5),
(19, 1, 1),
(19, 2, 1),
(19, 6, 2),
(19, 9, 4),
(19, 12, 3),
(19, 13, 4),
(19, 14, 5),
(19, 15, 4),
(19, 17, 3),
(19, 18, 5),
(19, 19, 4),
(19, 23, 1),
(19, 24, 1),
(19, 25, 3),
(19, 26, 3),
(19, 27, 4),
(19, 28, 3),
(19, 33, 1),
(19, 35, 5),
(19, 36, 4),
(19, 37, 1),
(19, 38, 4),
(19, 39, 4),
(19, 40, 1),
(19, 41, 3),
(19, 43, 1),
(19, 44, 5),
(19, 47, 1),
(19, 48, 1),
(19, 50, 4),
(19, 52, 3),
(19, 53, 3),
(19, 54, 2),
(19, 56, 3),
(19, 57, 5),
(19, 58, 5),
(19, 61, 3),
(19, 63, 5),
(19, 64, 1),
(19, 65, 2),
(19, 66, 3),
(19, 73, 4),
(19, 74, 5),
(19, 75, 5),
(19, 77, 2),
(19, 78, 3),
(19, 79, 4),
(19, 81, 4),
(19, 83, 2),
(19, 84, 2),
(19, 85, 2),
(19, 86, 2),
(19, 87, 4),
(19, 89, 2),
(19, 90, 1),
(19, 91, 2),
(19, 93, 3),
(19, 94, 1),
(19, 96, 2),
(19, 97, 3),
(19, 98, 3),
(19, 99, 5),
(19, 100, 1),
(19, 102, 5),
(19, 107, 5),
(19, 108, 5),
(19, 109, 3),
(19, 111, 3),
(19, 112, 3),
(19, 113, 4),
(19, 115, 2),
(19, 119, 1),
(20, 1, 3),
(20, 5, 3),
(20, 6, 1),
(20, 8, 3),
(20, 11, 3),
(20, 12, 3),
(20, 13, 1),
(20, 16, 2),
(20, 20, 4),
(20, 23, 1),
(20, 25, 1),
(20, 26, 3),
(20, 29, 2),
(20, 32, 3),
(20, 34, 4),
(20, 37, 3),
(20, 41, 2),
(20, 42, 2),
(20, 43, 2),
(20, 44, 4),
(20, 45, 5),
(20, 46, 5),
(20, 47, 1),
(20, 51, 2),
(20, 54, 2),
(20, 55, 4),
(20, 56, 2),
(20, 60, 5),
(20, 61, 2),
(20, 63, 3),
(20, 67, 1),
(20, 68, 5),
(20, 69, 5),
(20, 71, 5),
(20, 72, 1),
(20, 75, 3),
(20, 76, 2),
(20, 77, 1),
(20, 79, 2),
(20, 80, 2),
(20, 81, 3),
(20, 83, 4),
(20, 86, 5),
(20, 87, 5),
(20, 90, 4),
(20, 91, 4),
(20, 92, 3),
(20, 93, 1),
(20, 94, 4),
(20, 95, 2),
(20, 96, 3),
(20, 97, 2),
(20, 100, 4),
(20, 101, 3),
(20, 104, 3),
(20, 105, 5),
(20, 106, 5),
(20, 107, 3),
(20, 116, 1),
(20, 119, 4),
(20, 120, 4),
(20, 121, 1),
(21, 2, 2),
(21, 3, 1),
(21, 7, 4),
(21, 11, 3),
(21, 12, 2),
(21, 13, 1),
(21, 14, 1),
(21, 15, 4),
(21, 16, 3),
(21, 18, 3),
(21, 20, 1),
(21, 22, 1),
(21, 23, 3),
(21, 26, 1),
(21, 27, 2),
(21, 28, 2),
(21, 30, 3),
(21, 31, 4),
(21, 32, 3),
(21, 37, 2),
(21, 39, 4),
(21, 42, 5),
(21, 44, 4),
(21, 45, 4),
(21, 46, 2),
(21, 49, 5),
(21, 50, 4),
(21, 52, 2),
(21, 53, 3),
(21, 54, 4),
(21, 55, 2),
(21, 56, 3),
(21, 57, 4),
(21, 60, 4),
(21, 61, 3),
(21, 62, 4),
(21, 63, 1),
(21, 64, 2),
(21, 67, 2),
(21, 68, 5),
(21, 70, 4),
(21, 71, 5),
(21, 73, 1),
(21, 74, 2),
(21, 79, 4),
(21, 80, 4),
(21, 81, 2),
(21, 83, 1),
(21, 85, 2),
(21, 86, 4),
(21, 88, 1),
(21, 90, 3),
(21, 93, 3),
(21, 94, 2),
(21, 95, 3),
(21, 97, 1),
(21, 102, 3),
(21, 105, 2),
(21, 106, 1),
(21, 107, 4),
(21, 108, 2),
(21, 109, 1),
(21, 111, 2),
(21, 112, 5),
(21, 115, 1),
(21, 117, 2),
(21, 118, 2),
(21, 119, 2),
(22, 2, 3),
(22, 3, 2),
(22, 4, 3),
(22, 6, 5),
(22, 7, 4),
(22, 8, 1),
(22, 9, 1),
(22, 12, 5),
(22, 13, 2),
(22, 14, 3),
(22, 15, 5),
(22, 19, 2),
(22, 20, 3),
(22, 21, 1),
(22, 22, 4),
(22, 23, 5),
(22, 26, 3),
(22, 27, 3),
(22, 28, 4),
(22, 30, 5),
(22, 31, 3),
(22, 34, 1),
(22, 35, 1),
(22, 38, 1),
(22, 39, 4),
(22, 45, 4),
(22, 46, 2),
(22, 48, 1),
(22, 50, 3),
(22, 51, 2),
(22, 52, 5),
(22, 53, 4),
(22, 54, 1),
(22, 55, 5),
(22, 56, 4),
(22, 57, 5),
(22, 58, 4),
(22, 59, 4),
(22, 63, 3),
(22, 65, 4),
(22, 72, 3),
(22, 74, 1),
(22, 79, 1),
(22, 85, 4),
(22, 86, 4),
(22, 87, 2),
(22, 88, 4),
(22, 89, 3),
(22, 90, 4),
(22, 93, 3),
(22, 95, 5),
(22, 96, 2),
(22, 99, 3),
(22, 100, 2),
(22, 102, 5),
(22, 103, 2),
(22, 104, 3),
(22, 106, 5),
(22, 108, 2),
(22, 109, 4),
(22, 115, 5),
(22, 116, 3),
(22, 117, 5),
(22, 118, 3),
(23, 1, 2),
(23, 2, 2),
(23, 3, 3),
(23, 5, 4),
(23, 9, 1),
(23, 10, 3),
(23, 14, 5),
(23, 15, 3),
(23, 16, 2),
(23, 17, 2),
(23, 18, 1),
(23, 21, 2),
(23, 22, 3),
(23, 25, 3),
(23, 29, 4),
(23, 30, 2),
(23, 32, 4),
(23, 34, 1),
(23, 35, 4),
(23, 39, 4),
(23, 40, 1),
(23, 44, 3),
(23, 45, 1),
(23, 46, 2),
(23, 47, 4),
(23, 49, 3),
(23, 53, 5),
(23, 56, 4),
(23, 57, 1),
(23, 59, 3),
(23, 62, 1),
(23, 63, 4),
(23, 64, 2),
(23, 69, 1),
(23, 70, 2),
(23, 72, 1),
(23, 73, 5),
(23, 76, 4),
(23, 77, 3),
(23, 79, 5),
(23, 81, 5),
(23, 83, 1),
(23, 86, 1),
(23, 87, 3),
(23, 88, 5),
(23, 94, 1),
(23, 95, 1),
(23, 96, 5),
(23, 103, 5),
(23, 104, 2),
(23, 106, 5),
(23, 107, 2),
(23, 108, 4),
(23, 110, 5),
(23, 113, 1),
(23, 114, 1),
(23, 115, 2),
(23, 116, 4),
(23, 119, 4),
(24, 2, 4),
(24, 3, 1),
(24, 7, 5),
(24, 8, 3),
(24, 12, 2),
(24, 15, 5),
(24, 17, 4),
(24, 20, 5),
(24, 21, 1),
(24, 23, 3),
(24, 24, 3),
(24, 28, 4),
(24, 31, 1),
(24, 34, 5),
(24, 35, 5),
(24, 37, 3),
(24, 39, 5),
(24, 44, 5),
(24, 46, 3),
(24, 47, 3),
(24, 51, 2),
(24, 54, 4),
(24, 55, 5),
(24, 56, 5),
(24, 60, 4),
(24, 61, 2),
(24, 64, 3),
(24, 65, 4),
(24, 66, 4),
(24, 67, 1),
(24, 72, 4),
(24, 73, 3),
(24, 75, 4),
(24, 76, 4),
(24, 78, 1),
(24, 79, 2),
(24, 85, 1),
(24, 88, 3),
(24, 90, 1),
(24, 92, 5),
(24, 100, 3),
(24, 101, 4),
(24, 102, 2),
(24, 105, 4),
(24, 106, 1),
(24, 108, 4),
(24, 109, 4),
(24, 110, 4),
(24, 112, 2),
(24, 114, 3),
(24, 116, 3),
(24, 118, 2),
(24, 120, 3),
(25, 1, 2),
(25, 2, 2),
(25, 3, 1),
(25, 5, 1),
(25, 6, 1),
(25, 9, 2),
(25, 11, 2),
(25, 13, 1),
(25, 14, 5),
(25, 15, 1),
(25, 17, 1),
(25, 18, 1),
(25, 19, 1),
(25, 24, 5),
(25, 25, 5),
(25, 26, 2),
(25, 27, 3),
(25, 29, 4),
(25, 30, 3),
(25, 31, 3),
(25, 32, 1),
(25, 33, 3),
(25, 35, 3),
(25, 38, 4),
(25, 41, 3),
(25, 45, 2),
(25, 47, 3),
(25, 48, 5),
(25, 50, 5),
(25, 55, 1),
(25, 57, 4),
(25, 60, 2),
(25, 61, 3),
(25, 62, 1),
(25, 63, 4),
(25, 64, 4),
(25, 65, 5),
(25, 67, 4),
(25, 69, 4),
(25, 70, 3),
(25, 71, 3),
(25, 72, 5),
(25, 73, 2),
(25, 77, 4),
(25, 79, 5),
(25, 83, 1),
(25, 86, 1),
(25, 88, 2),
(25, 89, 3),
(25, 90, 4),
(25, 98, 3),
(25, 100, 3),
(25, 101, 2),
(25, 103, 1),
(25, 104, 4),
(25, 106, 4),
(25, 107, 5),
(25, 109, 5),
(25, 112, 1),
(25, 117, 5),
(25, 118, 2),
(25, 121, 2),
(26, 5, 4),
(26, 6, 2),
(26, 7, 4),
(26, 9, 5),
(26, 10, 4),
(26, 11, 2),
(26, 13, 3),
(26, 14, 4),
(26, 15, 5),
(26, 16, 2),
(26, 18, 2),
(26, 20, 2),
(26, 21, 4),
(26, 24, 4),
(26, 28, 2),
(26, 29, 1),
(26, 30, 3),
(26, 32, 3),
(26, 33, 2),
(26, 34, 1),
(26, 36, 5),
(26, 37, 3),
(26, 39, 4),
(26, 42, 1),
(26, 43, 2),
(26, 44, 3),
(26, 47, 5),
(26, 48, 2),
(26, 50, 4),
(26, 52, 5),
(26, 54, 4),
(26, 55, 5),
(26, 58, 3),
(26, 59, 4),
(26, 62, 3),
(26, 64, 2),
(26, 65, 5),
(26, 67, 5),
(26, 69, 4),
(26, 71, 5),
(26, 72, 2),
(26, 73, 1),
(26, 74, 1),
(26, 76, 4),
(26, 77, 5),
(26, 78, 5),
(26, 79, 5),
(26, 81, 4),
(26, 85, 2),
(26, 88, 5),
(26, 89, 1),
(26, 90, 1),
(26, 92, 1),
(26, 93, 2),
(26, 94, 3),
(26, 97, 1),
(26, 98, 3),
(26, 101, 4),
(26, 102, 4),
(26, 107, 3),
(26, 109, 3),
(26, 114, 5),
(26, 116, 1),
(26, 117, 1),
(26, 118, 1),
(27, 4, 2),
(27, 6, 3),
(27, 7, 5),
(27, 11, 2),
(27, 14, 5),
(27, 17, 3),
(27, 19, 1),
(27, 22, 4),
(27, 23, 5),
(27, 24, 3),
(27, 25, 1),
(27, 26, 3),
(27, 31, 2),
(27, 33, 3),
(27, 34, 5),
(27, 38, 2),
(27, 42, 1),
(27, 48, 2),
(27, 49, 5),
(27, 52, 3),
(27, 55, 4),
(27, 56, 2),
(27, 59, 2),
(27, 60, 4),
(27, 62, 3),
(27, 65, 5),
(27, 67, 4),
(27, 69, 3),
(27, 71, 5),
(27, 75, 4),
(27, 76, 4),
(27, 79, 5),
(27, 81, 5),
(27, 82, 2),
(27, 83, 2),
(27, 85, 3),
(27, 87, 2),
(27, 89, 3),
(27, 93, 3),
(27, 94, 4),
(27, 98, 2),
(27, 101, 5),
(27, 102, 1),
(27, 103, 2),
(27, 106, 3),
(27, 107, 2),
(27, 113, 2),
(27, 114, 3),
(27, 115, 2),
(27, 117, 1),
(27, 118, 4),
(27, 119, 2),
(27, 120, 5),
(28, 1, 4),
(28, 2, 1),
(28, 3, 1),
(28, 4, 2),
(28, 8, 5),
(28, 11, 4),
(28, 12, 1),
(28, 13, 5),
(28, 14, 2),
(28, 16, 4),
(28, 17, 4),
(28, 19, 3),
(28, 23, 5),
(28, 24, 2),
(28, 28, 3),
(28, 30, 1),
(28, 31, 4),
(28, 32, 5),
(28, 33, 2),
(28, 34, 3),
(28, 38, 5),
(28, 43, 4),
(28, 45, 2),
(28, 47, 1),
(28, 49, 1),
(28, 50, 3),
(28, 56, 1),
(28, 58, 3),
(28, 63, 4),
(28, 64, 2),
(28, 65, 5),
(28, 66, 2),
(28, 68, 1),
(28, 70, 1),
(28, 71, 2),
(28, 72, 3),
(28, 76, 5),
(28, 77, 4),
(28, 78, 1),
(28, 79, 1),
(28, 80, 5),
(28, 83, 5),
(28, 87, 1),
(28, 88, 5),
(28, 90, 5),
(28, 92, 2),
(28, 94, 4),
(28, 99, 5),
(28, 104, 1),
(28, 106, 2),
(28, 107, 5),
(28, 109, 5),
(28, 112, 1),
(28, 113, 2),
(28, 116, 5),
(28, 117, 2),
(28, 119, 3),
(28, 120, 2),
(29, 1, 5),
(29, 2, 4),
(29, 3, 5),
(29, 4, 4),
(29, 5, 3),
(29, 6, 4),
(29, 8, 2),
(29, 9, 1),
(29, 11, 3),
(29, 14, 5),
(29, 17, 3),
(29, 19, 2),
(29, 20, 2),
(29, 21, 1),
(29, 22, 1),
(29, 25, 3),
(29, 28, 1),
(29, 30, 3),
(29, 34, 2),
(29, 36, 4),
(29, 38, 3),
(29, 39, 1),
(29, 40, 5),
(29, 44, 2),
(29, 48, 3),
(29, 49, 1),
(29, 50, 5),
(29, 51, 4),
(29, 52, 1),
(29, 53, 2),
(29, 56, 3),
(29, 59, 3),
(29, 61, 2),
(29, 62, 1),
(29, 64, 2),
(29, 65, 1),
(29, 68, 5),
(29, 69, 1),
(29, 71, 1),
(29, 78, 4),
(29, 80, 3),
(29, 81, 1),
(29, 82, 4),
(29, 83, 4),
(29, 84, 5),
(29, 86, 3),
(29, 88, 4),
(29, 95, 5),
(29, 101, 2),
(29, 103, 5),
(29, 105, 2),
(29, 106, 1),
(29, 112, 2),
(29, 113, 2),
(29, 115, 5),
(29, 120, 3),
(29, 121, 3),
(30, 2, 2),
(30, 5, 4),
(30, 6, 3),
(30, 7, 3),
(30, 12, 1),
(30, 14, 3),
(30, 16, 1),
(30, 19, 5),
(30, 20, 5),
(30, 24, 5),
(30, 28, 4),
(30, 29, 1),
(30, 32, 4),
(30, 33, 1),
(30, 34, 2),
(30, 36, 2),
(30, 40, 1),
(30, 41, 3),
(30, 42, 4),
(30, 45, 1),
(30, 49, 3),
(30, 50, 2),
(30, 52, 1),
(30, 54, 2),
(30, 56, 4),
(30, 60, 2),
(30, 63, 2),
(30, 67, 2),
(30, 69, 5),
(30, 71, 3),
(30, 72, 3),
(30, 73, 1),
(30, 74, 2),
(30, 77, 1),
(30, 78, 4),
(30, 79, 3),
(30, 80, 1),
(30, 81, 4),
(30, 82, 5),
(30, 83, 3),
(30, 89, 5),
(30, 91, 3),
(30, 92, 1),
(30, 93, 2),
(30, 94, 3),
(30, 95, 3),
(30, 96, 3),
(30, 97, 2),
(30, 98, 4),
(30, 100, 4),
(30, 101, 4),
(30, 102, 2),
(30, 104, 3),
(30, 105, 2),
(30, 108, 5),
(30, 109, 1),
(30, 114, 1),
(30, 115, 1),
(30, 118, 2),
(30, 121, 4),
(31, 1, 2),
(31, 4, 3),
(31, 9, 5),
(31, 14, 4),
(31, 15, 5),
(31, 17, 2),
(31, 18, 5),
(31, 20, 2),
(31, 21, 1),
(31, 23, 1),
(31, 24, 2),
(31, 25, 1),
(31, 26, 4),
(31, 27, 2),
(31, 29, 2),
(31, 32, 4),
(31, 33, 3),
(31, 34, 1),
(31, 36, 2),
(31, 37, 5),
(31, 38, 1),
(31, 47, 1),
(31, 48, 4),
(31, 49, 1),
(31, 50, 3),
(31, 55, 2),
(31, 58, 1),
(31, 59, 1),
(31, 60, 4),
(31, 61, 1),
(31, 63, 4),
(31, 64, 2),
(31, 65, 5),
(31, 68, 1),
(31, 70, 2),
(31, 72, 1),
(31, 75, 2),
(31, 76, 3),
(31, 79, 4),
(31, 82, 4),
(31, 83, 1),
(31, 88, 2),
(31, 89, 1),
(31, 90, 5),
(31, 92, 5),
(31, 98, 2),
(31, 99, 3),
(31, 101, 2),
(31, 102, 5),
(31, 104, 2),
(31, 106, 4),
(31, 107, 1),
(31, 108, 3),
(31, 109, 5),
(31, 110, 5),
(31, 112, 4),
(31, 114, 1),
(31, 115, 1),
(31, 119, 5),
(31, 121, 3),
(32, 1, 4),
(32, 6, 1),
(32, 9, 3),
(32, 12, 4),
(32, 13, 2),
(32, 17, 4),
(32, 20, 5),
(32, 21, 4),
(32, 23, 2),
(32, 24, 2),
(32, 25, 4),
(32, 26, 5),
(32, 27, 4),
(32, 28, 1),
(32, 29, 5),
(32, 30, 4),
(32, 35, 5),
(32, 36, 4),
(32, 37, 3),
(32, 38, 5),
(32, 40, 3),
(32, 42, 5),
(32, 43, 2),
(32, 44, 5),
(32, 45, 2),
(32, 46, 1),
(32, 47, 5),
(32, 48, 5),
(32, 49, 4),
(32, 51, 2),
(32, 52, 5),
(32, 53, 5),
(32, 56, 3),
(32, 57, 5),
(32, 60, 4),
(32, 61, 1),
(32, 62, 3),
(32, 66, 5),
(32, 67, 5),
(32, 69, 2),
(32, 73, 5),
(32, 75, 4),
(32, 77, 1),
(32, 78, 2),
(32, 80, 5),
(32, 81, 5),
(32, 82, 5),
(32, 86, 3),
(32, 87, 2),
(32, 91, 1),
(32, 94, 4),
(32, 97, 5),
(32, 98, 5),
(32, 99, 4),
(32, 102, 4),
(32, 104, 2),
(32, 109, 3),
(32, 110, 3),
(32, 113, 2),
(32, 115, 3),
(32, 117, 2),
(32, 120, 5),
(33, 1, 2),
(33, 2, 3),
(33, 3, 2),
(33, 4, 4),
(33, 5, 2),
(33, 6, 3),
(33, 8, 3),
(33, 10, 4),
(33, 12, 5),
(33, 13, 5),
(33, 15, 1),
(33, 17, 2),
(33, 19, 3),
(33, 23, 1),
(33, 30, 4),
(33, 31, 5),
(33, 32, 1),
(33, 34, 2),
(33, 35, 3),
(33, 37, 5),
(33, 38, 3),
(33, 40, 5),
(33, 42, 1),
(33, 46, 2),
(33, 47, 4),
(33, 49, 3),
(33, 50, 1),
(33, 52, 5),
(33, 53, 5),
(33, 54, 3),
(33, 55, 3),
(33, 56, 2),
(33, 57, 5),
(33, 59, 4),
(33, 60, 5),
(33, 61, 1),
(33, 65, 2),
(33, 66, 5),
(33, 67, 3),
(33, 68, 4),
(33, 69, 1),
(33, 71, 4),
(33, 74, 5),
(33, 75, 5),
(33, 77, 4),
(33, 79, 4),
(33, 80, 2),
(33, 82, 3),
(33, 83, 5),
(33, 89, 1),
(33, 90, 5),
(33, 91, 2),
(33, 93, 5),
(33, 94, 1),
(33, 96, 3),
(33, 97, 2),
(33, 99, 4),
(33, 101, 5),
(33, 103, 3),
(33, 106, 2),
(33, 107, 4),
(33, 108, 1),
(33, 110, 2),
(33, 112, 2),
(33, 114, 5),
(33, 115, 3),
(33, 118, 2),
(33, 120, 4),
(33, 121, 1),
(34, 1, 4),
(34, 2, 4),
(34, 3, 1),
(34, 4, 4),
(34, 5, 4),
(34, 6, 5),
(34, 7, 5),
(34, 9, 4),
(34, 11, 3),
(34, 12, 4),
(34, 13, 4),
(34, 14, 4),
(34, 15, 4),
(34, 17, 5),
(34, 18, 2),
(34, 19, 1),
(34, 23, 4),
(34, 24, 5),
(34, 25, 3),
(34, 26, 2),
(34, 29, 5),
(34, 30, 5),
(34, 31, 2),
(34, 32, 2),
(34, 35, 1),
(34, 36, 1),
(34, 38, 3),
(34, 39, 2),
(34, 40, 1),
(34, 45, 3),
(34, 47, 4),
(34, 49, 3),
(34, 50, 5),
(34, 57, 3),
(34, 59, 2),
(34, 61, 3),
(34, 62, 4),
(34, 63, 5),
(34, 64, 2),
(34, 67, 3),
(34, 69, 1),
(34, 70, 3),
(34, 73, 4),
(34, 77, 2),
(34, 78, 4),
(34, 80, 4),
(34, 81, 1),
(34, 82, 4),
(34, 85, 5),
(34, 86, 3),
(34, 87, 2),
(34, 91, 2),
(34, 92, 2),
(34, 93, 4),
(34, 96, 4),
(34, 98, 5),
(34, 99, 1),
(34, 100, 3),
(34, 101, 2),
(34, 102, 3),
(34, 107, 1),
(34, 108, 3),
(34, 110, 4),
(34, 111, 5),
(34, 112, 3),
(34, 114, 2),
(34, 118, 3),
(34, 119, 4),
(35, 2, 4),
(35, 3, 1),
(35, 4, 2),
(35, 5, 4),
(35, 7, 1),
(35, 10, 2),
(35, 13, 5),
(35, 18, 1),
(35, 21, 1),
(35, 22, 1),
(35, 23, 5),
(35, 24, 5),
(35, 27, 5),
(35, 28, 3),
(35, 29, 2),
(35, 32, 4),
(35, 33, 4),
(35, 38, 1),
(35, 39, 3),
(35, 44, 2),
(35, 45, 1),
(35, 46, 5),
(35, 51, 4),
(35, 53, 4),
(35, 54, 3),
(35, 58, 5),
(35, 61, 1),
(35, 62, 5),
(35, 63, 1),
(35, 66, 3),
(35, 69, 3),
(35, 71, 1),
(35, 76, 1),
(35, 77, 1),
(35, 82, 4),
(35, 84, 5),
(35, 85, 4),
(35, 88, 5),
(35, 89, 3),
(35, 90, 1),
(35, 91, 4),
(35, 93, 1),
(35, 94, 2),
(35, 96, 2),
(35, 98, 4),
(35, 100, 5),
(35, 104, 4),
(35, 106, 5),
(35, 107, 4),
(35, 109, 4),
(35, 116, 1),
(35, 118, 2),
(36, 3, 4),
(36, 6, 1),
(36, 7, 4),
(36, 14, 2),
(36, 16, 2),
(36, 17, 5),
(36, 20, 1),
(36, 22, 5),
(36, 24, 5),
(36, 28, 3),
(36, 29, 2),
(36, 32, 1),
(36, 33, 5),
(36, 34, 2),
(36, 37, 3),
(36, 39, 3),
(36, 40, 1),
(36, 41, 4),
(36, 43, 5),
(36, 44, 4),
(36, 45, 2),
(36, 47, 3),
(36, 48, 4),
(36, 49, 1),
(36, 50, 5),
(36, 52, 1),
(36, 54, 2),
(36, 57, 2),
(36, 59, 1),
(36, 62, 2),
(36, 63, 4),
(36, 66, 5),
(36, 67, 5),
(36, 69, 1),
(36, 75, 5),
(36, 76, 2),
(36, 78, 3),
(36, 83, 2),
(36, 84, 2),
(36, 85, 4),
(36, 86, 3),
(36, 87, 3),
(36, 89, 1),
(36, 94, 2),
(36, 96, 3),
(36, 97, 3),
(36, 98, 1),
(36, 99, 2),
(36, 102, 1),
(36, 104, 1),
(36, 108, 1),
(36, 109, 3),
(36, 110, 2),
(36, 113, 3),
(36, 115, 5),
(36, 117, 3),
(36, 118, 5),
(36, 119, 1),
(36, 120, 2),
(36, 121, 3),
(37, 2, 3),
(37, 4, 2),
(37, 5, 2),
(37, 7, 2),
(37, 8, 5),
(37, 12, 3),
(37, 15, 2),
(37, 16, 5),
(37, 17, 1),
(37, 18, 3),
(37, 19, 1),
(37, 21, 3),
(37, 22, 5),
(37, 23, 5),
(37, 27, 3),
(37, 28, 2),
(37, 30, 4),
(37, 32, 4),
(37, 33, 4),
(37, 34, 2),
(37, 37, 2),
(37, 39, 5),
(37, 41, 3),
(37, 43, 2),
(37, 44, 4),
(37, 48, 1),
(37, 49, 1),
(37, 50, 4),
(37, 51, 1),
(37, 52, 5),
(37, 54, 4),
(37, 59, 1),
(37, 64, 2),
(37, 66, 2),
(37, 67, 5),
(37, 70, 4),
(37, 73, 1),
(37, 74, 4),
(37, 75, 5),
(37, 77, 4),
(37, 79, 3),
(37, 81, 4),
(37, 84, 3),
(37, 85, 3),
(37, 86, 1),
(37, 87, 5),
(37, 89, 3),
(37, 90, 1),
(37, 93, 4),
(37, 94, 3),
(37, 95, 5),
(37, 96, 4),
(37, 97, 3),
(37, 100, 3),
(37, 102, 5),
(37, 103, 3),
(37, 106, 4),
(37, 107, 1),
(37, 109, 2),
(37, 110, 2),
(37, 111, 4),
(37, 113, 3),
(37, 116, 1),
(37, 117, 5),
(37, 118, 5),
(37, 120, 2),
(37, 121, 5),
(38, 1, 5),
(38, 5, 5),
(38, 6, 5),
(38, 8, 3),
(38, 13, 2),
(38, 15, 3),
(38, 16, 2),
(38, 17, 4),
(38, 18, 4),
(38, 24, 3),
(38, 25, 3),
(38, 28, 3),
(38, 29, 3),
(38, 30, 4),
(38, 33, 4),
(38, 35, 5),
(38, 36, 1),
(38, 37, 1),
(38, 40, 2),
(38, 41, 3),
(38, 42, 3),
(38, 43, 2),
(38, 44, 4),
(38, 51, 3),
(38, 56, 2),
(38, 57, 5),
(38, 59, 3),
(38, 60, 4),
(38, 63, 1),
(38, 65, 5),
(38, 66, 2),
(38, 67, 1),
(38, 69, 5),
(38, 71, 5),
(38, 72, 3),
(38, 74, 2),
(38, 75, 5),
(38, 76, 4),
(38, 78, 4),
(38, 79, 2),
(38, 80, 3),
(38, 81, 2),
(38, 88, 3),
(38, 91, 1),
(38, 93, 1),
(38, 94, 4),
(38, 96, 5),
(38, 97, 4),
(38, 98, 5),
(38, 99, 1),
(38, 101, 4),
(38, 102, 2),
(38, 104, 4),
(38, 106, 5),
(38, 107, 2),
(38, 108, 1),
(38, 109, 4),
(38, 110, 4),
(38, 111, 1),
(38, 112, 5),
(38, 114, 5),
(38, 115, 4),
(38, 117, 3),
(38, 118, 4),
(38, 119, 5),
(38, 120, 2),
(39, 1, 1),
(39, 3, 5),
(39, 4, 3),
(39, 5, 3),
(39, 6, 2),
(39, 10, 3),
(39, 11, 3),
(39, 13, 3),
(39, 16, 4),
(39, 20, 3),
(39, 21, 5),
(39, 22, 2),
(39, 23, 4),
(39, 24, 3),
(39, 26, 5),
(39, 29, 4),
(39, 30, 2),
(39, 35, 3),
(39, 36, 3),
(39, 40, 4),
(39, 41, 1),
(39, 42, 5),
(39, 47, 2),
(39, 48, 4),
(39, 50, 2),
(39, 57, 5),
(39, 60, 4),
(39, 63, 3),
(39, 64, 1),
(39, 65, 5),
(39, 67, 4),
(39, 72, 5),
(39, 75, 3),
(39, 76, 5),
(39, 77, 5),
(39, 79, 4),
(39, 80, 5),
(39, 84, 5),
(39, 85, 4),
(39, 86, 4),
(39, 87, 3),
(39, 88, 4),
(39, 90, 5),
(39, 91, 2),
(39, 93, 4),
(39, 97, 4),
(39, 98, 2),
(39, 101, 2),
(39, 102, 1),
(39, 104, 4),
(39, 106, 5),
(39, 108, 3),
(39, 110, 4),
(39, 111, 3),
(39, 115, 3),
(39, 116, 2),
(39, 118, 3),
(39, 120, 4),
(39, 121, 2),
(40, 1, 4),
(40, 4, 2),
(40, 6, 5),
(40, 7, 4),
(40, 10, 1),
(40, 13, 3),
(40, 18, 2),
(40, 19, 3),
(40, 20, 2),
(40, 25, 3),
(40, 27, 5),
(40, 30, 1),
(40, 31, 3),
(40, 32, 1),
(40, 33, 1),
(40, 34, 5),
(40, 37, 2),
(40, 40, 4),
(40, 41, 2),
(40, 42, 2),
(40, 44, 3),
(40, 45, 1),
(40, 46, 2),
(40, 47, 3),
(40, 49, 3),
(40, 53, 5),
(40, 54, 5),
(40, 56, 3),
(40, 58, 2),
(40, 59, 1),
(40, 62, 5),
(40, 63, 3),
(40, 66, 4),
(40, 69, 3),
(40, 70, 5),
(40, 71, 4),
(40, 74, 5),
(40, 75, 3),
(40, 76, 1),
(40, 77, 2),
(40, 80, 4),
(40, 83, 5),
(40, 84, 1),
(40, 86, 1),
(40, 87, 4),
(40, 88, 5),
(40, 91, 2),
(40, 92, 1),
(40, 93, 5),
(40, 94, 3),
(40, 95, 4),
(40, 97, 5),
(40, 99, 4),
(40, 103, 5),
(40, 106, 4),
(40, 109, 2),
(40, 110, 4),
(40, 111, 3),
(40, 113, 1),
(40, 116, 4),
(40, 118, 3),
(40, 120, 4),
(40, 121, 1),
(41, 2, 4),
(41, 3, 5),
(41, 4, 4),
(41, 6, 3),
(41, 7, 4),
(41, 8, 3),
(41, 10, 5),
(41, 11, 4),
(41, 14, 1),
(41, 25, 4),
(41, 26, 1),
(41, 28, 4),
(41, 30, 3),
(41, 31, 2),
(41, 32, 5),
(41, 35, 1),
(41, 36, 3),
(41, 38, 5),
(41, 42, 3),
(41, 44, 3),
(41, 46, 2),
(41, 47, 1),
(41, 50, 4),
(41, 52, 2),
(41, 56, 1),
(41, 59, 3),
(41, 61, 1),
(41, 62, 1),
(41, 63, 5),
(41, 64, 1),
(41, 65, 5),
(41, 66, 3),
(41, 67, 2),
(41, 69, 5),
(41, 70, 3),
(41, 72, 5),
(41, 74, 3),
(41, 75, 5),
(41, 76, 4),
(41, 77, 5),
(41, 79, 5),
(41, 80, 4),
(41, 81, 2),
(41, 83, 1),
(41, 84, 4),
(41, 85, 4),
(41, 86, 2),
(41, 87, 1),
(41, 92, 5),
(41, 94, 1),
(41, 96, 3),
(41, 98, 1),
(41, 101, 1),
(41, 102, 3),
(41, 103, 4),
(41, 104, 4),
(41, 105, 5),
(41, 106, 4),
(41, 107, 4),
(41, 116, 3),
(41, 117, 3),
(41, 120, 3),
(42, 1, 1),
(42, 2, 1),
(42, 7, 1),
(42, 8, 4),
(42, 11, 2),
(42, 12, 2),
(42, 15, 2),
(42, 16, 4),
(42, 17, 1),
(42, 18, 1),
(42, 22, 1),
(42, 23, 4),
(42, 28, 4),
(42, 30, 5),
(42, 31, 1),
(42, 32, 4),
(42, 34, 2),
(42, 35, 1),
(42, 36, 2),
(42, 38, 5),
(42, 39, 4),
(42, 41, 5),
(42, 44, 3),
(42, 46, 3),
(42, 47, 5),
(42, 49, 1),
(42, 54, 4),
(42, 55, 4),
(42, 56, 1),
(42, 59, 5),
(42, 61, 5),
(42, 62, 1),
(42, 63, 5),
(42, 64, 2),
(42, 65, 3),
(42, 68, 1),
(42, 69, 5),
(42, 72, 5),
(42, 75, 1),
(42, 76, 4),
(42, 77, 1),
(42, 82, 2),
(42, 83, 3),
(42, 85, 5),
(42, 86, 2),
(42, 87, 5),
(42, 88, 2),
(42, 90, 4),
(42, 91, 3),
(42, 92, 4),
(42, 93, 4),
(42, 94, 1),
(42, 98, 5),
(42, 102, 3),
(42, 103, 5),
(42, 104, 3),
(42, 106, 3),
(42, 107, 3),
(42, 115, 1),
(42, 118, 1),
(42, 120, 1),
(43, 3, 3),
(43, 5, 2),
(43, 6, 3),
(43, 8, 3),
(43, 11, 4),
(43, 12, 3),
(43, 13, 2),
(43, 14, 3),
(43, 19, 2),
(43, 20, 5),
(43, 21, 5),
(43, 22, 5),
(43, 25, 3),
(43, 32, 2),
(43, 33, 4),
(43, 35, 1),
(43, 36, 5),
(43, 37, 4),
(43, 39, 3),
(43, 40, 5),
(43, 41, 5),
(43, 42, 2),
(43, 43, 1),
(43, 47, 2),
(43, 48, 2),
(43, 49, 2),
(43, 50, 1),
(43, 53, 2),
(43, 55, 5),
(43, 56, 4),
(43, 57, 4),
(43, 59, 3),
(43, 61, 2),
(43, 62, 3),
(43, 65, 1),
(43, 66, 1),
(43, 68, 2),
(43, 69, 3),
(43, 73, 1),
(43, 76, 2),
(43, 78, 2),
(43, 80, 3),
(43, 83, 2),
(43, 86, 1),
(43, 87, 1),
(43, 89, 5),
(43, 96, 3),
(43, 99, 2),
(43, 101, 3),
(43, 104, 2),
(43, 105, 1),
(43, 107, 1),
(43, 109, 5),
(43, 110, 1),
(43, 112, 5),
(43, 113, 2),
(43, 114, 3),
(43, 115, 5),
(43, 117, 5),
(43, 118, 5),
(44, 1, 5),
(44, 2, 1),
(44, 6, 4),
(44, 7, 3),
(44, 9, 5),
(44, 11, 4),
(44, 12, 5),
(44, 14, 4),
(44, 15, 4),
(44, 16, 5),
(44, 19, 4),
(44, 20, 1),
(44, 25, 1),
(44, 27, 4),
(44, 29, 2),
(44, 30, 5),
(44, 31, 4),
(44, 32, 4),
(44, 34, 1),
(44, 36, 3),
(44, 37, 2),
(44, 38, 1),
(44, 39, 1),
(44, 41, 3),
(44, 42, 4),
(44, 44, 3),
(44, 45, 1),
(44, 46, 3),
(44, 47, 1),
(44, 49, 3),
(44, 50, 3),
(44, 53, 2),
(44, 56, 2),
(44, 61, 1),
(44, 62, 3),
(44, 63, 4),
(44, 66, 5),
(44, 68, 2),
(44, 69, 1),
(44, 70, 1),
(44, 71, 5),
(44, 73, 1),
(44, 83, 2),
(44, 89, 2),
(44, 90, 5),
(44, 92, 5),
(44, 93, 3),
(44, 97, 5),
(44, 98, 4),
(44, 100, 4),
(44, 101, 3),
(44, 103, 4),
(44, 104, 1),
(44, 108, 1),
(44, 109, 3),
(44, 110, 5),
(44, 113, 2),
(44, 115, 2),
(44, 118, 4),
(44, 120, 2),
(45, 1, 2),
(45, 5, 2),
(45, 7, 4),
(45, 8, 4),
(45, 9, 3),
(45, 13, 5),
(45, 16, 2),
(45, 19, 3),
(45, 20, 3),
(45, 22, 4),
(45, 23, 5),
(45, 27, 4),
(45, 38, 4),
(45, 39, 4),
(45, 41, 4),
(45, 47, 1),
(45, 48, 1),
(45, 49, 5),
(45, 50, 2),
(45, 52, 5),
(45, 53, 5),
(45, 54, 4),
(45, 57, 3),
(45, 59, 3),
(45, 60, 5),
(45, 61, 5),
(45, 62, 3),
(45, 63, 2),
(45, 64, 2),
(45, 65, 3),
(45, 66, 5),
(45, 67, 4),
(45, 68, 3),
(45, 69, 3),
(45, 70, 3),
(45, 72, 3),
(45, 73, 5),
(45, 76, 5),
(45, 79, 3),
(45, 80, 2),
(45, 81, 3),
(45, 86, 4),
(45, 90, 3),
(45, 92, 2),
(45, 96, 3),
(45, 98, 4),
(45, 100, 4),
(45, 104, 4),
(45, 105, 2),
(45, 107, 1),
(45, 108, 3),
(45, 110, 3),
(45, 114, 5),
(45, 117, 2),
(46, 1, 2),
(46, 3, 2),
(46, 4, 2),
(46, 5, 2),
(46, 6, 2),
(46, 7, 4),
(46, 8, 2),
(46, 9, 4),
(46, 11, 4),
(46, 12, 4),
(46, 13, 3),
(46, 17, 4),
(46, 18, 4),
(46, 19, 5),
(46, 21, 1),
(46, 22, 4),
(46, 23, 4),
(46, 25, 5),
(46, 26, 2),
(46, 30, 3),
(46, 34, 2),
(46, 36, 2),
(46, 40, 1),
(46, 41, 1),
(46, 43, 3),
(46, 45, 3),
(46, 46, 5),
(46, 48, 5),
(46, 53, 5),
(46, 54, 2),
(46, 55, 1),
(46, 56, 2),
(46, 59, 3),
(46, 60, 1),
(46, 61, 3),
(46, 62, 4),
(46, 65, 4),
(46, 67, 5),
(46, 68, 5),
(46, 69, 5),
(46, 70, 3),
(46, 71, 3),
(46, 73, 5),
(46, 78, 3),
(46, 79, 4),
(46, 80, 3),
(46, 81, 3),
(46, 83, 4),
(46, 84, 1),
(46, 85, 4),
(46, 86, 5),
(46, 91, 5),
(46, 92, 5),
(46, 93, 4),
(46, 96, 3),
(46, 99, 2),
(46, 101, 5),
(46, 102, 2),
(46, 105, 3),
(46, 107, 3),
(46, 108, 3),
(46, 109, 5),
(46, 110, 4),
(46, 117, 1),
(46, 118, 1),
(46, 119, 2),
(46, 120, 2),
(47, 3, 3),
(47, 6, 4),
(47, 8, 2),
(47, 9, 1),
(47, 13, 3),
(47, 16, 2),
(47, 18, 2),
(47, 19, 4),
(47, 22, 1),
(47, 24, 1),
(47, 26, 3),
(47, 27, 2),
(47, 29, 5),
(47, 31, 3),
(47, 32, 2),
(47, 33, 5),
(47, 35, 5),
(47, 36, 4),
(47, 37, 1),
(47, 39, 4),
(47, 41, 1),
(47, 42, 3),
(47, 43, 5),
(47, 44, 5),
(47, 49, 1),
(47, 58, 1),
(47, 60, 5),
(47, 63, 2),
(47, 64, 4),
(47, 65, 3),
(47, 67, 3),
(47, 69, 2),
(47, 70, 5),
(47, 74, 1),
(47, 76, 2),
(47, 77, 5),
(47, 78, 2),
(47, 79, 3),
(47, 82, 3),
(47, 83, 1),
(47, 86, 2),
(47, 87, 1),
(47, 88, 3),
(47, 90, 1),
(47, 94, 5),
(47, 96, 4),
(47, 97, 4),
(47, 99, 4),
(47, 101, 1),
(47, 102, 3),
(47, 103, 5),
(47, 104, 5),
(47, 107, 4),
(47, 108, 5),
(47, 113, 5),
(47, 114, 5),
(47, 115, 2),
(47, 117, 5),
(47, 119, 4),
(47, 120, 2),
(48, 1, 1),
(48, 6, 1),
(48, 8, 2),
(48, 9, 1),
(48, 11, 3),
(48, 12, 2),
(48, 13, 2),
(48, 16, 4),
(48, 18, 3),
(48, 19, 1),
(48, 20, 3),
(48, 22, 5),
(48, 23, 2),
(48, 25, 5),
(48, 27, 1),
(48, 28, 2),
(48, 29, 1),
(48, 30, 1),
(48, 31, 5),
(48, 35, 2),
(48, 36, 2),
(48, 40, 2),
(48, 41, 2),
(48, 42, 1),
(48, 47, 3),
(48, 51, 1),
(48, 53, 2),
(48, 59, 3),
(48, 60, 2),
(48, 62, 3),
(48, 63, 5),
(48, 64, 2),
(48, 65, 2),
(48, 70, 1),
(48, 73, 5),
(48, 76, 2),
(48, 79, 2),
(48, 81, 2),
(48, 83, 1),
(48, 86, 1),
(48, 88, 3),
(48, 93, 3),
(48, 96, 4),
(48, 100, 2),
(48, 102, 1),
(48, 103, 4),
(48, 105, 5),
(48, 108, 5),
(48, 109, 5),
(48, 110, 3),
(48, 112, 5),
(48, 113, 4),
(48, 114, 3),
(48, 121, 4),
(49, 1, 2),
(49, 2, 2),
(49, 5, 3),
(49, 6, 1),
(49, 7, 3),
(49, 8, 2),
(49, 9, 5),
(49, 10, 1),
(49, 12, 3),
(49, 16, 4),
(49, 20, 1),
(49, 22, 3),
(49, 23, 5),
(49, 24, 4),
(49, 25, 5),
(49, 26, 1),
(49, 28, 2),
(49, 30, 3),
(49, 31, 1),
(49, 34, 5),
(49, 37, 3),
(49, 39, 1),
(49, 40, 4),
(49, 41, 4),
(49, 43, 4),
(49, 45, 4),
(49, 50, 1),
(49, 51, 3),
(49, 52, 4),
(49, 53, 3),
(49, 54, 5),
(49, 55, 5),
(49, 56, 1),
(49, 57, 3),
(49, 60, 5),
(49, 61, 5),
(49, 66, 4),
(49, 68, 3),
(49, 69, 5),
(49, 70, 1),
(49, 71, 1),
(49, 72, 3),
(49, 73, 4),
(49, 74, 1),
(49, 75, 2),
(49, 76, 2),
(49, 78, 5),
(49, 79, 5),
(49, 81, 1),
(49, 82, 5),
(49, 83, 5),
(49, 84, 1),
(49, 85, 3),
(49, 89, 1),
(49, 91, 2),
(49, 92, 4),
(49, 99, 4),
(49, 102, 3),
(49, 105, 5),
(49, 109, 3),
(49, 111, 5),
(49, 112, 4),
(49, 113, 2),
(49, 115, 4),
(49, 119, 3),
(49, 120, 2),
(50, 1, 5),
(50, 4, 5),
(50, 6, 5),
(50, 9, 3),
(50, 13, 2),
(50, 14, 1),
(50, 15, 5),
(50, 18, 5),
(50, 19, 2),
(50, 20, 4),
(50, 21, 4),
(50, 23, 5),
(50, 25, 1),
(50, 26, 4),
(50, 28, 2),
(50, 30, 1),
(50, 36, 3),
(50, 37, 2),
(50, 38, 4),
(50, 39, 3),
(50, 42, 2),
(50, 45, 5),
(50, 48, 3),
(50, 51, 1),
(50, 54, 5),
(50, 55, 5),
(50, 57, 2),
(50, 59, 2),
(50, 61, 2),
(50, 62, 4),
(50, 64, 5),
(50, 65, 3),
(50, 66, 5),
(50, 70, 4),
(50, 71, 2),
(50, 72, 3),
(50, 74, 3),
(50, 76, 5),
(50, 77, 4),
(50, 78, 3),
(50, 81, 1),
(50, 85, 3),
(50, 86, 2),
(50, 91, 1),
(50, 94, 5),
(50, 98, 4),
(50, 101, 3),
(50, 104, 1),
(50, 105, 1),
(50, 106, 2),
(50, 107, 3),
(50, 111, 1),
(50, 112, 1),
(50, 113, 5),
(50, 114, 1),
(50, 115, 4),
(50, 118, 1),
(50, 120, 3),
(50, 121, 4);

-- --------------------------------------------------------

--
-- Estructura de tabla para la tabla `user_recomendation_evaliation`
--

CREATE TABLE IF NOT EXISTS `user_recomendation_evaliation` (
  `UserID` int(11) NOT NULL,
  `Item_id` int(11) NOT NULL,
  `Recommender_position` int(11) NOT NULL,
  `User_position` int(11) NOT NULL,
  `Time` timestamp NOT NULL default CURRENT_TIMESTAMP,
  PRIMARY KEY  (`UserID`,`Item_id`)
) ENGINE=MyISAM DEFAULT CHARSET=latin1;

--
-- Volcar la base de datos para la tabla `user_recomendation_evaliation`
--

